word,replaceWord,
A. Registration,କ) ପଞ୍ଜିକରଣ
Where can I register for COVID-19 vaccination?,ମୁଁ କୋଭିଡ -19 ଟିକାକରଣ ପାଇଁ କେଉଁଠାରେ ପଞ୍ଜିକରଣ କରିପାରିବି?
You can log into the Co-WIN portal using the link www.cowin.gov.in and click on the “Register/Sign In yourself” tab to register for COVID-19 vaccination.,"ଆପଣ www.cowin.gov.in ଲିଙ୍କ ବ୍ୟବହାର କରି କୋ-ୱିନ ପୋର୍ଟାଲରେ ଲଗ ଇନ କରିପାରିବେ । କୋଭିଡ-19 ଟିକାକରଣ ପାଇଁ ପଞ୍ଜିକରଣ କରିବା ପାଇଁ ""ନିଜକୁ ପଞ୍ଜିକରଣ/ସାଇନ ଇନ"" ଟ୍ୟାବରେ କ୍ଲିକ କରିପାରିବେ ।"
Is there a mobile app that needs to be installed to register for vaccination?  ,ଟିକାକରଣ ପାଇଁ ପଞ୍ଜିକରଣ କରିବା ପାଇଁ ଏକ ମୋବାଇଲ ଆପ ଇନଷ୍ଟଲ କରାଯିବା ଆବଶ୍ୟକ କି?
"There is no authorised mobile app for registering for vaccination in India except Aarogya Setu. You need to log into the Co-WIN portal. Alternatively, you can also register for vaccination through the Aarogya Setu App.  ",ଆରୋଗ୍ୟ ସେତୁ ଛଡ଼ା ଭାରତରେ ଟିକାକରଣ ପାଇଁ ପଞ୍ଜିକରଣ ନିମନ୍ତେ କୌଣସି ବିଶ୍ୱସନୀୟ ମୋବାଇଲ ଆପ ନାହିଁ । ଆପଣଙ୍କୁ କୋ-ୱିନ ପୋର୍ଟାଲରେ ଲଗ ଇନ କରିବାକୁ ପଡ଼ିବ। ବିକଳ୍ପ ଭାବେ ଆପଣ ଆରୋଗ୍ୟ ସେତୁ ଆପ ମାଧ୍ୟମରେ ଟିକାକରଣ ପାଇଁ ମଧ୍ୟ ପଞ୍ଜିକରଣ କରିପାରିବେ ।
Which age groups can register for vaccination on the Co-WIN portal?,କୋ-ୱିନ ପୋର୍ଟାଲରେ ଟିକାକରଣ ପାଇଁ କେତେ ବର୍ଷ ବୟସର ଲୋକେ ପଞ୍ଜିକରଣ କରିପାରିବେ?
"All citizens aged 18 years and above can register for vaccination.  Is online registration mandatory for Covid 19 vaccination?  Vaccination Centres provide for a limited number of on-spot registration slots every day. Citizens aged 45 years and above can schedule appointments online or walk-in to vaccination centres. However, Citizens aged 18-44 years should mandatorily register themselves and schedule appointment online before going to vaccination centre. In general, all citizens are recommended to register online and schedule vaccination in advance for a hassle-free vaccination experience. ",୧୮ ବର୍ଷ ଓ ତହିଁରୁ ଅଧିକ ବୟସର ସମସ୍ତ ନାଗରିକ ଟିକାକରଣ ପାଇଁ ପଞ୍ଜିକରଣ କରିପାରିବେ । କୋଭିଡ-୧୯ ଟିକାକରଣ ପାଇଁ ଅନଲାଇନ ପଞ୍ଜିକରଣ ବାଧ୍ୟତାମୂଳକ କି? ଟିକାକରଣ କେନ୍ଦ୍ରଗୁଡ଼ିକ ନିତିଦିନ ସୀମିତ ସଂଖ୍ୟାରେ କେନ୍ଦ୍ର ଭିତରେ ପଞ୍ଜିକରଣ ସ୍ଥାନ ଦିଅନ୍ତି । ୪୫ ବର୍ଷ ଏବଂ ତହିଁରୁ ଅଧିକ ବୟସ୍କ ନାଗରିକମାନେ ଅନଲାଇନ ଯାଇ ବୁକିଂ କରିପାରିବେ କିମ୍ବା ଟିକାକରଣ କେନ୍ଦ୍ରକୁ ସିଧା ଯାଇପାରିବେ । ତେବେ ୧୮-୪୪ ବର୍ଷ ବୟସ୍କ ନାଗରିକମାନଙ୍କ ପାଇଁ ଟିକାକରଣ କେନ୍ଦ୍ରକୁ ଯିବା ଆଗରୁ ଆଗୁଆ ଅନଲାଇନ ପଞ୍ଜିକରଣ ବାଧ୍ୟତାମୂଳକ । ସାଧାରଣ ଭାବେ ସମସ୍ତ ନାଗରିକଙ୍କୁ ଅନଲାଇନ ପଞ୍ଜିକରଣ କରିବାକୁ ଏବଂ ଏକ ଅସୁବିଧାମୁକ୍ତ ଟିକାକରଣ ଅଭିଜ୍ଞତା ପାଇଁ ଆଗୁଆ ଟିକାକରଣ ବୁକ କରିବାକୁ ପରାମର୍ଶ ଦିଆଯାଇଛି । 
How many people can be registered in the Co-WIN portal through one mobile number?  ,ଗୋଟିଏ ମୋବାଇଲ ନମ୍ବର ମାଧ୍ୟମରେ କୋ-ୱିନ ପୋର୍ଟାଲରେ କେତେ ଲୋକ ପଞ୍ଜିକରଣ କରିପାରିବେ? 
Up to 4 people can be registered for vaccination using the same mobile number.,ସମାନ ମୋବାଇଲ ନମ୍ବର ବ୍ୟବହାର କରି ଟିକାକରଣ ପାଇଁ ୪ ଜଣ ପଞ୍ଜିକରଣ କରିପାରିବେ ।
How can citizens with no access to smart phones or computers manage online registration?,ପାଖରେ ସ୍ମାର୍ଟଫୋନ କିମ୍ବା କମ୍ପ୍ୟୁଟର ନଥିବା ନାଗରିକମାନେ କିପରି ଅନଲାଇନ ପଞ୍ଜିକରଣ ପରିଚାଳନା କରିପାରିବେ?
Up to 4 people can be registered for vaccination using the same mobile number. Citizens can take help from friends or family for online registration.,ଗୋଟିଏ ମୋବାଇଲ ନମ୍ବର ବ୍ୟବହାର କରି ଟିକାକରଣ ପାଇଁ ୪ ଜଣ ପଞ୍ଜିକରଣ କରିପାରିବେ । ଅନଲାଇନ ପଞ୍ଜିକରଣ ପାଇଁ ନାଗରିକମାନେ ସାଙ୍ଗ କିମ୍ବା ପରିବାରଠାରୁ ସାହାଯ୍ୟ ନେଇପାରିବେ ।
Can I register for vaccination without Aadhaar card?,ଆଧାର କାର୍ଡ ବିନା ଟିକାକରଣ ପାଇଁ ମୁଁ ପଞ୍ଜିକରଣ କରିପାରିବି କି?
"Yes, you can register on Co-WIN portal using any of the following ID proofs:a.Aadhaar card  b.Driving License  c.PAN card  d.Passport  e.Pension Passbook  f.NPR Smart Card  g.Voter ID (EPIC)  ","ହଁ, ଆପଣ ନିମ୍ନଲିଖିତ ଯେକୌଣସି ଆଇଡି ବ୍ୟବହାର କରି କୋ-ୱିନ ପୋର୍ଟାଲରେ ପଞ୍ଜିକରଣ କରିପାରିବେ: (୧) ଆଧାର କାର୍ଡ (୨) ଡ୍ରାଇଭିଂ ଲାଇସେନ୍ସ (୩) ପାନ କାର୍ଡ (୪) ପାସପୋର୍ଟ (୫) ପେନସନ ପାସବୁକ (୬) ଏନ.ପି.ଆର ସ୍ମାର୍ଟକାର୍ଡ (୭) ଭୋଟର ପରିଚୟ ପତ୍ର (ଇ.ପି.ଆଇ.ସି.) "
Is there any registration charges to be paid?,ପଞ୍ଜିକରଣ ପାଇଁ ପଇସା ଦେବାକୁ ପଡ଼ିବ କି?
No. There is no registration charge.,ନା । ପଞ୍ଜିକରଣ ମାଗଣା ।
F. Reporting Side effects  Whom do I contact in case of side effects from vaccination? ,୬. ସାଇଡ଼ ଇଫେକ୍ଟ (ପାର୍ଶ୍ୱ ପ୍ରତିକ୍ରିୟା) ଜଣାଇବା ଟିକାକରଣ ଯୋଗୁ ପାର୍ଶ୍ୱ ପ୍ରତିକ୍ରିୟା ହେଲେ ମୁଁ କାହାକୁ ଯୋଗାଯୋଗ କରିବି? 
"You can contact on any of the following details: a. Helpline Number: +91-11-23978046 (Toll free- 1075) b. Technical Helpline Number: 0120-4473222 c. Helpline Email Id: nvoc2019[at]gov[dot]in You may also contact the Vaccination Centre where you took vaccination, for advice.",ନିମ୍ନ ତାଲିକାରୁ ଯେକୌଣସି ନମ୍ବରକୁ ଜଣାଇ ପାରିବେ: କ. ହେଲ୍ପଲାଇନ ନମ୍ଵର: +91-11-23978046 (ଟୋଲ ଫ୍ରି - 1075) ଖ. ଟେକ୍ନିକାଲ ହେଲ୍ପଲାଇନ ନମ୍ଵର: 0120-4473222 ଗ. ହେଲ୍ପଲାଇନ ଇମେଲ ଆଇଡି: nvoc2019[at]gov[dot]in । ପରାମର୍ଶ ପାଇଁ ଟିକା ନେଇଥିବା ଟିକାକରଣ କେନ୍ଦ୍ର ସହ ମଧ୍ୟ ଯୋଗାଯୋଗ କରିପାରିବେ ।
E. Vaccine Certificate  Why do I need a vaccination certificate?,୭. ଟିକା ସାର୍ଟିଫିକେଟ ଟିକାକରଣ ସାର୍ଟିଫିକେଟ ଆବଶ୍ୟକ କାହିଁକି?
"A COVID Vaccine Certificate (CVC) issued by the government offers an assurance to the beneficiary on the vaccination, type of vaccine used, and the provisional certificate also provides the next vaccination due. It also is an evidence for the citizen to prove to any entities which may require proof of vaccination specially in case of travel. Vaccination not only protects individuals from disease, but also reduces their risk of spreading the virus. Therefore, there could be a requirement in future to produce certificate for certain kind of social interactions and international travel.  In this context the certificate issued by Co-WIN has built in security features to guarantee genuineness of the certificate which can be digitally verified using approved utilities which are provided in Co-WIN portal.","ଏକ କୋଭିଡ ଟିକା ସାର୍ଟିଫିକେଟ (ସିଭିସି) ସରକାରଙ୍କ ଦ୍ୱାରା ଦିଆଯାଇଥାଏ । ଏହା ଟିକାକରଣ ଓ ବ୍ୟବହୃତ ଟିକା ପ୍ରକାର ଉପରେ ଟିକା ନେଇଥିବା ବ୍ଯକ୍ତିଙ୍କୁ ଆଶ୍ୱାସନା ଦିଏ । ଅସ୍ଥାୟୀ ସାର୍ଟିଫିକେଟ ଆଗାମୀ ଟିକାକରଣ ବାବଦରେ ମଧ୍ୟ ଜଣାଇଥାଏ । ଟିକାକରଣ ପ୍ରମାଣ ଲୋଡୁଥିବା ଯେକୌଣସି ସଂସ୍ଥାକୁ ପ୍ରମାଣ ଦେବା ପାଇଁ ଏହା ନାଗରିକଙ୍କ ପାଖରେ ଏକ ପ୍ରମାଣପତ୍ର । ଟିକାକରଣ କେବଳ ଲୋକଙ୍କୁ ରୋଗରୁ ରକ୍ଷା କରେ ନାହିଁ, ବରଂ ଭୂତାଣୁ ବ୍ୟାପିବା ଆଶଙ୍କାକୁ ମଧ୍ୟ କମାଇଥାଏ । ତେଣୁ ଭବିଷ୍ୟତରେ କୌଣସି ପ୍ରକାରର ସାମାଜିକ ଓ ପାରସ୍ପରିକ ସମ୍ପର୍କ ଏବଂ ଆନ୍ତର୍ଜାତୀୟ ଭ୍ରମଣ ପାଇଁ ପ୍ରମାଣପତ୍ର ପ୍ରସ୍ତୁତ କରିବା ଆବଶ୍ୟକତା ପଡ଼ିପାରେ । ଏହି ଦିଗରୁ କୋ-ୱିନ ଦ୍ୱାରା ଦିଆଯାଉଥିବା ସାର୍ଟିଫିକେଟ ଅସଲି ବୋଲି ପ୍ରମାଣ ଦେବା ପାଇଁ ଏଥିରେ ସୁରକ୍ଷା ସୁବିଧାସବୁ ରହିଛି ଏବଂ ସେସବୁ କୋ-ୱିନ ପୋର୍ଟାଲରେ ଥିବା ଅନୁମୋଦିତ ଉପଯୋଗୀତା ବ୍ୟବହାର କରି ଡିଜିଟାଲ ଭାବେ ପରଖାଯାଇପାରିବ ।"
Who is responsible for providing the vaccination certificate?,ଟିକାକରଣ ସାର୍ଟିଫିକେଟ ଦେବା ଦାୟିତ୍ୱ କାହାର?
"The Vaccination Centre is responsible for generating your certificate and for providing a printed copy post vaccination on the day of vaccination itself. Please do insist on receiving the certificate at the Centre. For Private Hospitals, the charges for providing a printed copy of the certificate are included in the service charge for vaccination.",ଟିକାକରଣ କେନ୍ଦ୍ର ଆପଣଙ୍କ ସାର୍ଟିଫିକେଟ ତିଆରି କରିବା ଏବଂ ଟିକାକରଣ ଦିନ ଟିକା ଦେବା ପରେ ଏକ ଛପା କପି ଦେବା ପାଇଁ ଦାୟୀ । ଦୟାକରି କେନ୍ଦ୍ରରେ ସାର୍ଟିଫିକେଟ ମାଗନ୍ତୁ । ଘରୋଇ ଡାକ୍ତରଖାନାରେ ଟିକା ନେଉଥିଲେ ସାର୍ଟିଫିକେଟର ଏକ ଛପା କପି ଦେବା ପାଇଁ ଦାମ ଟିକାକରଣ ସେବା ଦାମ ଭିତରେ ଆଗରୁ ରହିଛି ।
Where can I download vaccination certificate from?,ମୁଁ କେଉଁଠାରୁ ଟିକାକରଣ ସାର୍ଟିଫିକେଟ ଡାଉନଲୋଡ କରିପାରିବି?
You can download vaccination certificate from the Co-WIN portal (cowin.gov.in) or the Aarogya Setu app or through Digi-Locker by following the simple steps. You may do so by using the mobile number used at the time of registration.  ,ଆପଣ ସରଳ ପଦକ୍ଷେପ ଅନୁସରଣ କରି କୋ-ୱିନ ପୋର୍ଟାଲ (cowin.gov.in) କିମ୍ବା ଆରୋଗ୍ୟ ସେତୁ ଆପ କିମ୍ବା ଡିଜି-ଲକର ମାଧ୍ୟମରେ ଟିକାକରଣ ସାର୍ଟିଫିକେଟ ଡାଉନଲୋଡ କରିପାରିବେ । ପଞ୍ଜିକରଣ ସମୟରେ ବ୍ୟବହୃତ ମୋବାଇଲ ନମ୍ଵର ବ୍ୟବହାର କରି ଆପଣ ଏହା କରିପାରିବେ । 
D. Vaccination  Is vaccination free at all vaccination centres?  ,ଘ) ଟିକାକରଣ ସମସ୍ତ ଟିକାକରଣ କେନ୍ଦ୍ରରେ ଟିକା ନେବା ମାଗଣା କି? 
"No. Currently, vaccination is free at Government hospitals and charged at INR 250 in Private hospitals for citizens aged 45 years and above.  From 1st May onwards, the Vaccination for people of 45 years or more will continue to be free at the Government facilities. For people between 18 to 44 years the States will announce the policy relating to payment. Vaccination will be priced by private facilities and you can see the price of each vaccine at the time of booking.",ନା । ଏବେ କେବଳ ସରକାରୀ ଡାକ୍ତରଖାନାରେ ମାଗଣାରେ ଟିକା ଦିଆଯାଉଛି ଏବଂ ୪୫ ବର୍ଷ ଏବଂ ତହିଁରୁ ଅଧିକ ବୟସ୍କ ନାଗରିକଙ୍କ ପାଇଁ ଘରୋଇ ଡାକ୍ତରଖାନାର ୨୫୦ ଟଙ୍କା ନିଆଯାଉଛି । ମଇ ୧ ତାରିଖରୁ ୪୫ ବର୍ଷ କିମ୍ବା ତହିଁରୁ ଅଧିକ ବୟସ୍କ ଲୋକଙ୍କ ପାଇଁ ଟିକାକରଣ ସରକାରୀ କେନ୍ଦ୍ରରେ ମାଗଣା ରହିବ । ୧୮ ରୁ ୪୪ ବର୍ଷ ମଧ୍ୟରେ ଲୋକଙ୍କ ପାଇଁ ରାଜ୍ୟଗୁଡ଼ିକ ଦାମ ସମ୍ବନ୍ଧୀୟ ନୀତି ଘୋଷଣା କରିବେ । ଘରୋଇ କେନ୍ଦ୍ରରେ ଟିକାକରଣ ପାଇଁ ପଇସା ଦେବାକୁ ପଡ଼ିବ ଏବଂ ବୁକିଂ ସମୟରେ ଆପଣ ପ୍ରତ୍ୟେକ ଟିକାର ଦାମ ଦେଖିପାରିବେ ।
Can I check the price of the vaccine?,ମୁଁ ଟିକାର ଦାମ ପରଖି ପାରିବି କି?
Yes. The System will show the price of the vaccine below the name of the vaccination centre at the time of scheduling an appointment.,ହଁ । ବୁକିଂ କରିବା ସମୟରେ ଟିକାକରଣ କେନ୍ଦ୍ର ନାମ ତଳେ ଟିକାର ଦାମ ଦେଖିପାରିବେ ।
Can I choose the vaccine?,ମୁଁ ଟିକାର ପ୍ରକାର ବାଛିପାରିବି କି?
"System will show the vaccine being administered in each vaccination centre at the time of scheduling an appointment. Citizen can choose the vaccination centre as per their choice of vaccine being administered However, the choice will not be available at the Government facilities .",ବୁକିଂ କରିବା ବେଳେ ପ୍ରତି ଟିକାକରଣ କେନ୍ଦ୍ରରେ ଟିକା ପ୍ରଦାନ କରାଯାଉଥିବା ଟିକାର ପ୍ରକାର ଦେଖିପାରିବେ । ନାଗରିକମାନେ ସେମାନଙ୍କର ପସନ୍ଦର ଟିକା ଅନୁସାରେ ଟିକାକରଣ କେନ୍ଦ୍ର ବାଛିପାରିବେ କିନ୍ତୁ ସରକାରୀ କେନ୍ଦ୍ରରେ ନିଜ ପସନ୍ଦର ଟିକା ବାଛିପାରିବେ ନାହିଁ ।
What precautions should I take at the time of 2nd dose vaccination?,ଦ୍ୱିତୀୟ ଡୋଜ ଟିକାକରଣ ବେଳେ ମୋତେ କି କି ସତର୍କତା ଅବଲମ୍ବନ କରିବାକୁ ପଡ଼ିବ?
"The Vaccination Centres have been directed to ensure that if a citizen is being vaccinated with 2nd dose, they should confirm that the first dose vaccination was done with the same vaccine as is being offered at the time of second dose and that the first dose was administered more than 28 days ago. You should share the correct information about the vaccine type and the date of 1st dose vaccination with the vaccinator. You should carry your vaccine certificate issued after the first dose.",ପ୍ରଥମ ଓ ଦ୍ୱିତୀୟ ଡୋଜରେ ସମାନ ଟିକା ଦିଆଯାଇଥିଲା ଏବଂ ଦୁଇଟି ଡୋଜ ଭିତରେ ୨୮ ଦିନରୁ ଅଧିକ ସମୟ ରହିଛି କି ନାହିଁ ତାହା ସୁନିଶ୍ଚିତ କରିବା ପାଇଁ ଟିକାକରଣ କେନ୍ଦ୍ରଗୁଡ଼ିକୁ ନିର୍ଦ୍ଦେଶ ଦିଆଯାଇଛି । ଆପଣ ଟିକା କେନ୍ଦ୍ରକୁ ଟିକା ପ୍ରକାର ଏବଂ ପ୍ରଥମ ଡୋଜ ଟିକାକରଣ ତାରିଖ ବିଷୟରେ ସଠିକ ସୂଚନା ଜଣାଇବା ଉଚିତ । ପ୍ରଥମ ଡୋଜ ପରେ ମିଳିଥିବା ଆପଣଙ୍କ ଟିକା ସାର୍ଟିଫିକେଟ ଆପଣ ସାଙ୍ଗରେ ନେବା ଉଚିତ ।
Can I get vaccinated with 2nd dose in a different State/District?,ମୁଁ ଏକ ଭିନ୍ନ ରାଜ୍ୟ/ଜିଲ୍ଲାରେ ଦ୍ୱିତୀୟ ଡୋଜ ସହିତ ଟିକା ନେଇପାରିବି କି?
"Yes, you can get vaccinated in any State/District. The only restriction is that you will be able to get vaccinated only on those centres which are offering the same vaccine as was administered to you on your first dose.","ହଁ, ଆପଣ ଯେକୌଣସି ରାଜ୍ୟ/ଜିଲ୍ଲାରେ ଟିକା ନେଇପାରିବେ । ତେବେ ଏକମାତ୍ର ପ୍ରତିବନ୍ଧକ ହେଲା ଆପଣ କେବଳ ଆପଣଙ୍କୁ ପ୍ରଥମ ଡୋଜରେ ମିଳିଥିବା ଟିକା ଦେଉଥିବା କେନ୍ଦ୍ରରେ ଟିକା ନେଇପାରିବେ ।"
Which documents should I carry with me for vaccination?,ଟିକାକରଣ ପାଇଁ ଯିବା ବେଳେ ମୋତେ ସାଙ୍ଗରେ କେଉଁ କେଉଁ ଡକୁମେଣ୍ଟ ନେବାକୁ ହେବ?
You should carry your identity proof specified by you at the time of registration on the Co-WIN portal and a printout/screenshot of your appointment slip.,କୋ-ୱିନ ପୋର୍ଟାଲରେ ପଞ୍ଜିକରଣ ସମୟରେ ଆପଣ ଯେଉଁ ପରିଚୟ ପତ୍ର ବାଛିଥିବେ ସେହି ପରିଚୟ ପତ୍ର ଏବଂ ନିଜ ଆପଏଣ୍ଟମେଣ୍ଟ ସ୍ଲିପର ଏକ ପ୍ରିଣ୍ଟଆଉଟ/ସ୍କ୍ରିନସଟ ସାଙ୍ଗରେ ନେଇ ଆସିବେ ।
"I have registered myself on Co-Win portal. However, I am not able to make any booking as I do not see any vaccination facility near my location?",ମୁଁ ନିଜକୁ କୋ-ୱିନ ପୋର୍ଟାଲରେ ପଞ୍ଜିକରଣ କରିଛି । କିନ୍ତୁ ନିଜ ରହିବା ସ୍ଥାନ ପାଖରେ କୌଣସି ଟିକାକରଣ ସୁବିଧା ଦେଖିପାରୁନଥିବାରୁ ବୁକିଂ କରିପାରୁ ନାହିଁ ।
"What should I do?  Yes, it is possible that no facility near your place has published their vaccination program as yet. You may wait for some time till vaccination facilities near your place are onboarded on Co-Win platform, become active and start their services. ","ମୁଁ କଣ କରିବି? ହଁ, ଆପଣଙ୍କ ପାଖରେ କୌଣସି କେନ୍ଦ୍ର ତାଙ୍କର ଟିକାକରଣ କାର୍ଯ୍ୟକ୍ରମ ବାବଦରେ ଜଣାଇନାହିଁ । ଆପଣଙ୍କ ପାଖରେ ଥିବା ଟିକାକରଣ ସୁବିଧାଗୁଡ଼ିକ କୋ-ୱିନ ପ୍ଲାଟଫର୍ମରେ ଆସିବା, ସଚଳ ହେବା ଏବଂ ସେମାନଙ୍କର ସେବା ଆରମ୍ଭ ନକରିବା ପର୍ଯ୍ୟନ୍ତ ଆପଣଙ୍କୁ କିଛି ସମୟ ଅପେକ୍ଷା କରିବାକୁ ହେବ । "
C. 2nd dose scheduling,ଗ) ଦ୍ୱିତୀୟ ଡୋଜ ନିର୍ଦ୍ଧାରଣ
Is it necessary to take 2nd dose of vaccination?  ,ଟିକାର ଦ୍ୱିତୀୟ ଡୋଜ ନେବା ଆବଶ୍ୟକ କି? 
Yes. It is recommended that both doses of vaccine should be taken for realising the full benefit of vaccination. Both doses must be of the same vaccine type.,ହଁ । ଟିକା ଠିକ ଭାବେ କାମ କରିବା ପାଇଁ ଉଭୟ ଡୋଜ ଟିକା ନିଆଯିବା ଉଚିତ ବୋଲି ପରାମର୍ଶ ଦିଆଯାଇଛି । ଉଭୟ ଡୋଜ ସମାନ ଟିକା ପ୍ରକାରର ହେବା ଆବଶ୍ୟକ ।
When should I take the 2nd dose of vaccination?  It is recommended that the 2nd dose of COVAXIN should be administered in the interval of 4 to 6 weeks from the date of 1st dose administration. For COVISHIELD the recommended interval is 4 to 8 weeks while an interval of 6 to 8 weeks gives an enhanced protection. You may choose the date of 2nd dose vaccination as per your convenience. ,ମୁଁ ଟିକାର ଦ୍ୱିତୀୟ ଡୋଜ କେବେ ନେବା ଉଚିତ? କୋଭାକ୍ସିନ ନେଇଥିଲେ ପ୍ରଥମ ଡୋଜ ନେବା ତାରିଖଠାରୁ ୪ରୁ ୬ ସପ୍ତାହ ଛାଡ଼ି ଦ୍ୱିତୀୟ ଡୋଜ ନେବା ଉଚିତ । କୋଭିସିଲ୍ଡ ନେଇ ଥିଲେ ପ୍ରଥମ ଡୋଜ ପରେ ୪ ରୁ ୮ ସପ୍ତାହ ଛାଡ଼ି ଦ୍ୱିତୀୟ ଡୋଜ ନେଇପାରିବେ । ତେବେ ୬ ରୁ ୮ ସପ୍ତାହର ବ୍ୟବଧାନ ପରେ ନେଲେ ଅଧିକ ସୁରକ୍ଷିତ । ଆପଣ ନିଜ ସୁବିଧା ଅନୁସାରେ ଦ୍ୱିତୀୟ ଟିକା ଡୋଜ ପାଇଁ ତାରିଖ ବାଛିପାରିବେ ।
Will my 2nd dose appointment be automatically scheduled by Co-WIN system? ,ମୋର ଦ୍ୱିତୀୟ ଡୋଜ ବୁକିଂ ଆପେଆପେ କୋ-ୱିନ ସିଷ୍ଟମ ଦ୍ୱାରା ବଛା ହେବ କି? 
No. You have to take an appointment for the 2nd dose vaccination. The Co-WIN system will help you book an appointment in a Vaccination Centre where the same vaccine is being administered as the vaccine type (COVAXIN or COVISHIELD) of the 1st dose.,ନା । ଦ୍ୱିତୀୟ ଡୋଜ ଟିକା ପାଇଁ ଆପଣଙ୍କୁ ଏକ ଆପଏଣ୍ଟମେଣ୍ଟ ନେବାକୁ ହେବ । ପ୍ରଥମ ଡୋଜ ସହ ସମାନ ଟିକା (କୋଭାକ୍ସିନ କିମ୍ବା କୋଭିସିଲ୍ଡ) ଦିଆଯାଉଥିବା କେନ୍ଦ୍ରରେ କୋ-ୱିନ ସିଷ୍ଟମ ଆପଣଙ୍କୁ ଏକ ଟିକାକରଣ କେନ୍ଦ୍ରରେ ଆପଏଣ୍ଟମେଣ୍ଟଟିଏ ବୁକ କରିବାରେ ସାହାଯ୍ୟ କରିବ ।
Whom can I contact if I have some problems related to my online registration of appointment?,ମୋ ବୁକିଂର ଅନଲାଇନ ପଞ୍ଜିକରଣରେ କିଛି ଅସୁବିଧା ଥିଲେ କାହାକୁ ସାହାଯ୍ଯ ମାଗିବି?
You can call on the national helpline ‘1075’ for information and guidance on COVID-19 vaccination and Co-WIN software related queries.  ,ଆପଣ କୋଭିଡ-19 ଟିକାକରଣ ଏବଂ କୋ-ୱିନ ସଫ୍ଟୱେୟାର ସମ୍ବନ୍ଧୀୟ ପ୍ରଶ୍ନର ସୂଚନା ପାଇଁ ଜାତୀୟ ହେଲ୍ପଲାଇନ '1075'କୁ ଫୋନ କରିପାରିବେ । 
B. Scheduling Appointment ,ଖ) ବୁକିଂ କରିବା
Can I book an appointment for vaccination in the Co-WIN portal? ,ମୁଁ କୋ-ୱିନ ପୋର୍ଟାଲରେ ଟିକାକରଣ ପାଇଁ ଏକ ଆପଏଣ୍ଟମେଣ୍ଟ ବୁକ କରିପାରିବି କି? 
"Yes, you can book appointment for vaccination through Co-WIN portal after logging-in to the Co-WIN Portal through your registered mobile number. The system will show vaccination centres that allow vaccination as per the age of the citizen entered in the registration portal.  ","ହଁ, ଆପଣ ନିଜ ପଞ୍ଜିକୃତ ମୋବାଇଲ ନମ୍ଵର ଦେଇ କୋ-ୱିନ ପୋର୍ଟାଲରେ ଲଗ ଇନ କରିବା ପରେ ସେହି ପୋର୍ଟାଲ ଭିତରେ ଯାଇ ଟିକାକରଣ ପାଇଁ ଆପଏଣ୍ଟମେଣ୍ଟ ବୁକ କରିପାରିବେ । ଏହି ସୁବିଧା ପଞ୍ଜିକରଣ ପୋର୍ଟାଲରେ ଦେଇଥିବା ନାଗରିକଙ୍କ ବୟସ ଅନୁସାରେ ଟିକାକରଣ କେନ୍ଦ୍ର ଦେଖାଇବ ।"
What are the options if one citizen is aged 45 or above and other is aged 18 or above?,ଜଣେ ନାଗରିକଙ୍କ ବୟସ ୪୫ ବା ତହିଁରୁ ଅଧିକ ଏବଂ ଆଉଜଣଙ୍କ ବୟସ ୧୮ କିମ୍ବା ତହିଁରୁ ଅଧିକ ହୋଇଥିଲେ କିଛି ବିକଳ୍ପ ଅଛି କି?
"If one citizen is aged 45 or above and other citizen is aged 18 to 44 years and both want to schedule a combined appointment, then only private paid vaccination centres or vaccination centres as per State’s policy will be made available. However, it may happen that some hospitals which are catering to people with 45 years or more may not allow the booking of appointments for people with lesser age. In that case you may make bookings one by one.  ",ଜଣେ ନାଗରିକଙ୍କ ବୟସ ୪୫ ବା ତହିଁରୁ ଅଧିକ ଏବଂ ଆଉଜଣଙ୍କ ବୟସ ୧୮ରୁ ୪୪ ଭିତରେ ହୋଇଥିଲେ ଏବଂ ଉଭୟ ମିଳିତ ଭାବେ ବୁକ କରିବାକୁ ଚାହୁଁଥିଲେ କେବଳ ରାଜ୍ୟର ନୀତି ଅନୁସାରେ ବା ଘରୋଇ ଟିକାକରଣ କେନ୍ଦ୍ର ସୂଚନା ପାଇବେ । ତେବେ କେବଳ ୪୫ ବର୍ଷ ବା ତହିଁରୁ ଅଧିକ ବୟସ୍କ ଲୋକଙ୍କୁ ଟିକା ଦେଉଥିବା କେତେକ ଡାକ୍ତରଖାନା କମ ବୟସ୍କ ଲୋକଙ୍କ ପାଇଁ ବୁକିଂ କରିବାକୁ ଅନୁମତି ଦେଇନପାରନ୍ତି । ସେମିତି ହେଲେ ଏକାଥରେ ନ କରି ଗୋଟିଏ ପରେ ଗୋଟିଏ ବୁକିଂ କରିପାରନ୍ତି ।
Can I check the vaccine being administered at each vaccination centre?,ମୁଁ ପ୍ରତ୍ୟେକ ଟିକାକରଣ କେନ୍ଦ୍ରରେ ଦିଆଯାଉଥିବା ଟିକା ପରଖିପାରିବି କି?
"Yes, while scheduling an appointment for vaccination, the system will show vaccination centre names along with the name of the vaccine that will be administered in case of private hospitals. Government hospitals may not show the name of the vaccine. ","ହଁ, ଟିକାକରଣ ପାଇଁ ଏକ ଆପଏଣ୍ଟମେଣ୍ଟ ନିର୍ଦ୍ଧାରଣ ବାଛିବା ବେଳେ ଏହି ପୋର୍ଟାଲ ଟିକାକରଣ କେନ୍ଦ୍ରର ନାମ ଦେଖାଇବ ଆଉ ଘରୋଇ ଡାକ୍ତରଖାନା ହୋଇଥିଲେ ଟିକା ନାମ ମଧ୍ୟ ଦେଖାଇବ । ସରକାରୀ ଡାକ୍ତରଖାନାଗୁଡ଼ିକ ଟିକାର ନାମ ଦେଖାଇ ନପାରନ୍ତି ।"
Can I download appointment slip?,ମୁଁ ଆପଏଣ୍ଟମେଣ୍ଟ ସ୍ଲିପ ଡାଉନଲୋଡ କରିପାରିବି କି?
"Yes, the appointment slip can be downloaded after the appointment has been scheduled. ","ହଁ, ଆପଏଣ୍ଟମେଣ୍ଟ ବୁକ ହେବା ପରେ ଆପଏଣ୍ଟମେଣ୍ଟ ସ୍ଲିପ ଡାଉନଲୋଡ କରାପାରିବେ । "
How can I find the nearest vaccination centre?  ,ମୁଁ ନିକଟତମ ଟିକାକରଣ କେନ୍ଦ୍ର କିପରି ଖୋଜି ପାରିବି? 
You can search in Co-WIN portal (or Aarogya Setu) for the vaccination centre nearest to your location by either searching through PIN code or by choosing the State and the District.  What if I cannot go for vaccination on the date of appointment? ,ଆପଣ ପିନ କୋଡ ଦେଇ କିମ୍ୱା ରାଜ୍ୟ ଏବଂ ଜିଲ୍ଲା ବାଛି ନିଜର ନିକଟତମ ଟିକାକରଣ କେନ୍ଦ୍ର ପାଇଁ କୋ-ୱିନ ପୋର୍ଟାଲ (କିମ୍ୱା ଆରୋଗ୍ୟ ସେତୁ)ରେ ଖୋଜିପାରିବେ । ଟିକା ନେବା ତାରିଖରେ ନ ଯାଇପାରିଲେ କ'ଣ ହେବ? 
Can I reschedule my appointment? ,ମୁଁ ମୋର ଟିକା ନେବା ତାରିଖ ବଦଳାଇ ପାରିବି କି? 
"The appointment can be rescheduled at any time. In case you are not able to go for vaccination on the date of appointment, you can reschedule the appointment by clicking on “Reschedule” tab. ","ଯେତେବେଳେ ସମ୍ଭବ ଟିକା ନେବା ବଦଳାଇପାରିବେ । ଟିକା ନେବା ତାରିଖରେ ନ ଯାଇପାରିଲେ ""ପୁନଃନିର୍ଦ୍ଧାରଣ"" (Reschedule) ଉପରେ କ୍ଲିକ କରି ତାରିଖ ବଦଳାଇପାରିବେ । "
Do I have an option for cancellation of appointment?  ,ଟିକା ନେବା ତାରିଖ ବାତିଲ କରିବା ପାଇଁ କିଛି ବିକଳ୍ପ ଅଛି କି? 
"Yes, you can cancel an appointment already scheduled. You can also reschedule the appointment and choose another date or time slot of your convenience.  ","ହଁ, ଆପଣ ପୂର୍ବରୁ ବାଛିଥିବା ଏକ ଟିକା ନେବା ତାରିଖ ବାତିଲ କରିପାରିବେ, ତାରିଖ ବଦଳାଇପାରିବେ ଏବଂ ଆପଣଙ୍କ ନିଜ ସୁବିଧା ଅନୁସାରେ ଅନ୍ୟ ତାରିଖ କିମ୍ବା ସମୟ ବାଛିପାରିବେ ।"
Where will I receive confirmation of date and time of vaccination? ,ଟିକାକରଣ ତାରିଖ ଏବଂ ନିଶ୍ଚିତ ହୋଇଥିବା ସମୟ କେଉଁଠାରେ ପାଇବି? 
"Once an appointment is scheduled, you will receive the details of the vaccination centre, date and time slot chosen for appointment in an SMS sent to your registered mobile number. You can also download the appointment slip and print it or keep it on your smart phone.","ଏକ ଆପଏଣ୍ଟମେଣ୍ଟ ବୁକ ହେବାପରେ ଆପଣ ନିଜ ପଞ୍ଜିକୃତ ମୋବାଇଲ ନମ୍ଵରକୁ ପଠାଯାଇଥିବା ଏସଏମଏସରେ ବଛା ଟିକାକରଣ କେନ୍ଦ୍ର, ତାରିଖ ଏବଂ ସମୟ ଦେଖିପାରିବେ ।"
Can I get vaccination without appointment? ,ମୁଁ ବିନା ବୁମିଂରେ ଟିକା ପାଇପାରିବି କି? 
"Citizens aged 45 years and above can schedule appointments online or walk-in to vaccination centres. Citizens aged 18-44 years should mandatorily register themselves and schedule appointment online before vaccination.  However, all citizens are recommended to register online and schedule vaccination in advance for a hassle-free vaccination experience.  ",୪୫ ବର୍ଷ ଓ ତହିଁରୁ ଅଧିକ ବୟସର ନାଗରିକମାନେ ଅନଲାଇନ ବୁକିଂ ନିର୍ଦ୍ଧାରଣ କରିପାରିବେ କିମ୍ବା ଟିକାକରଣ କେନ୍ଦ୍ରକୁ ସିଧା ଆସିପାରିବେ । ୧୮-୪୪ ବର୍ଷ ବୟସର ନାଗରିକମାନଙ୍କୁ ବାଧ୍ୟତାମୂଳକ ଭାବରେ ନିଜକୁ ପଞ୍ଜିକରଣ କରିବାକୁ ହେବ ଏବଂ ଟିକାକରଣ ପୂର୍ବରୁ ଅନଲାଇନ ବୁକିଂ କରିବାକୁ ହେବ । ତେବେ ସମସ୍ତ ନାଗରିକଙ୍କୁ ଅନଲାଇନ ପଞ୍ଜିକରଣ କରିବାକୁ ଏବଂ ଏକ ଅସୁବିଧାମୁକ୍ତ ଟିକାକରଣ ଅଭିଜ୍ଞତା ପାଇଁ ଆଗୁଆ ଟିକାକରଣ ବାଛିବାକୁ ପରାମର୍ଶ ଦିଆଯାଉଛି । 
Can I check the price of the vaccine?,ମୁଁ ଟିକାର ଦାମ ପରଖିପାରିବି କି?
Yes. The System will show the price of the vaccine below the name of the vaccination centre at the time of scheduling an appointment.,ହଁ । ଏକ ଆପଏଣ୍ଟମେଣ୍ଟ ବୁକ କରିବା ସମୟରେ ସିଷ୍ଟମ ଟିକାକରଣ କେନ୍ଦ୍ର ନାମରେ ଟିକାର ଦାମ ଦେଖାଇବ ।
Can I choose the vaccine?,ମୁଁ ଟିକା ବାଛିପାରିବି କି?
"System will show the vaccine being administered in each vaccination centre at the time of scheduling an appointment. Citizen can choose the vaccination centre as per their choice of vaccine being administered However, the choice will not be available at the Government facilities .",ଏକ ଆପଏଣ୍ଟମେଣ୍ଟ ବାଛିବା ସମୟରେ ପ୍ରତ୍ୟେକ ଟିକାକରଣ କେନ୍ଦ୍ରରେ ଦିଆଯାଉଥିବା ଟିକା ଦେଖାଇବ । ନାଗରିକ ଟିକା ପ୍ରଦାନ କରାଯାଉଥିବା ସେମାନଙ୍କର ପସନ୍ଦ ଅନୁସାରେ ଟିକାକରଣ କେନ୍ଦ୍ର ବାଛିପାରିବେ କିନ୍ତୁ ସରକାରୀ କେନ୍ଦ୍ରରେ ଏ ପସନ୍ଦ ଉପଲବ୍ଧ ହେବନାହିଁ ।
What precautions should I take at the time of 2nd dose vaccination?,ଦ୍ୱିତୀୟ ଡୋଜ ଟିକାକରଣ ସମୟରେ କି କି ସତର୍କତା ଅବଲମ୍ବନ କରିବା ଉଚିତ?
"The Vaccination Centres have been directed to ensure that if a citizen is being vaccinated with 2nd dose, they should confirm that the first dose vaccination was done with the same vaccine as is being offered at the time of second dose and that the first dose was administered more than 28 days ago. You should share the correct information about the vaccine type and the date of 1st dose vaccination with the vaccinator. You should carry your vaccine certificate issued after the first dose.",ଜଣେ ନାଗରିକଙ୍କୁ ଦ୍ୱିତୀୟ ଡୋଜ ଟିକା ଦେବା ବେଳେ ସେମାନେ ନିଶ୍ଚିତ କରିବା ଉଚିତ ଯେ ପ୍ରଥମ ଡୋଜ ଟିକାକରଣ ଦ୍ୱିତୀୟ ଡୋଜ ସମୟରେ ପ୍ରଦାନ କରାଯାଉଥିବା ସମାନ ଟିକା ସହିତ କରାଯାଇଥିଲା ଏବଂ ପ୍ରଥମ ଡୋଜ 28 ଦିନରୁ ଅଧିକ ସମୟ ପୂର୍ବରୁ ଦିଆଯାଇଥିଲା । ଆପଣ ଟିକା ପ୍ରକାର ଏବଂ ଟିକାକରଣକାରୀଙ୍କ ସହ ପ୍ରଥମ ଡୋଜ ଟିକାକରଣ ତାରିଖ ବିଷୟରେ ସଠିକ୍ ସୂଚନା ଅଂଶୀଦାର କରିବା ଉଚିତ । ପ୍ରଥମ ଡୋଜ ପରେ ମିଳିଥିବା ଟିକା ସାର୍ଟିଫିକେଟ ଆପଣ ସାଙ୍ଗରେ ନେଇ ଯିବା ଉଚିତ ।
Can I get vaccinated with 2nd dose in a different State/District?,ମୁଁ ଏକ ଭିନ୍ନ ରାଜ୍ୟ/ଜିଲ୍ଲାରେ ଦ୍ୱିତୀୟ ଡୋଜ ସହିତ ଟିକା ନେଇପାରିବି କି?
"Yes, you can get vaccinated in any State/District. The only restriction is that you will be able to get vaccinated only on those centres which are offering the same vaccine as was administered to you on your first dose.","ହଁ, ଆପଣ ଯେକୌଣସି ରାଜ୍ୟ/ଜିଲ୍ଲାରେ ଟିକା ନେଇପାରିବେ। ତେବେ ଏକମାତ୍ର ପ୍ରତିବନ୍ଧକ ହେଲା ଆପଣଙ୍କୁ ପ୍ରଥମ ଡୋଜରେ ମିଳିଥିବା ସମାନ ଟିକା ଦେଉଥିବା କେନ୍ଦ୍ରଗୁଡ଼ିିକରେ କେବଳ ଆପଣ ଦ୍ୱିତୀୟ ଟିକା ନେଇପାରିବେ ।"
Which documents should I carry with me for vaccination?,ଟିକାକରଣ ପାଇଁ ମୁଁ ମୋ ସହିତ କେଉଁ ଡକୁମେଣ୍ଟ ଆଣିବା ଉଚିତ?
You should carry your identity proof specified by you at the time of registration on the Co-WIN portal and a printout/screenshot of your appointment slip.,କୋ-ୱିନ ପୋର୍ଟାଲରେ ପଞ୍ଜିକରଣ ସମୟରେ ଆପଣ ନିଜ ଭଛା ପରିଚୟ ପତ୍ର ଏବଂ ନିଜ ଆପଏଣ୍ଟମେଣ୍ଟ ସ୍ଲିପର ଏକ ପ୍ରିଣ୍ଟଆଉଟ/ସ୍କ୍ରିନସଟ ଆଣିବା ଉଚିତ।
"I have registered myself on Co-Win portal. However, I am not able to make any booking as I do not see any vaccination facility near my location?",ମୁଁ ନିଜକୁ କୋ-ୱିନ ପୋର୍ଟାଲରେ ପଞ୍ଜିକରଣ କରିଛି । ତେବେ ମୁଁ କୌଣସି ବୁକିଂ କରିବାକୁ ସକ୍ଷମ ନୁହେଁ କାରଣ ମୁଁ ମୋ ରହିବା ସ୍ଥାନ ପାଖରେ କୌଣସି ଟିକାକରଣ ସୁବିଧା ଦେଖୁନାହିଁ ।
"What should I do?  Yes, it is possible that no facility near your place has published their vaccination program as yet. You may wait for some time till vaccination facilities near your place are onboarded on Co-Win platform, become active and start their services. ","ମୁଁ କଣ କରିବା ଉଚିତ? ହଁ, ଏହା ସମ୍ଭବ ଯେ ଆପଣଙ୍କ ସ୍ଥାନ ପାଖରେ କୌଣସି ସୁବିଧା ଏପର୍ଯ୍ୟନ୍ତ ସେମାନଙ୍କର ଟିକାକରଣ କାର୍ଯ୍ୟକ୍ରମ ବାବଦରେ ପ୍ରକାଶ କରିନାହିଁ । ଆପଣଙ୍କ ସ୍ଥାନ ପାଖରେ ଥିବା ଟିକାକରଣ ସୁବିଧାଗୁଡ଼ିକ କୋ-ୱିନ ପ୍ଲାଟଫର୍ମରେ ଚଢ଼ିବା, ସକ୍ରିୟ ହେବା ଏବଂ ସେମାନଙ୍କର ସେବା ଆରମ୍ଭ ନକରିବା ପର୍ଯ୍ୟନ୍ତ ଆପଣ କିଛି ସମୟ ଅପେକ୍ଷା କରିପାରନ୍ତି। "
C. 2nd dose scheduling,ଗ) ଦ୍ୱିତୀୟ ଡୋଜ ନିର୍ଦ୍ଧାରଣ
Is it necessary to take 2nd dose of vaccination?  ,ଟିକାକରଣର ଦ୍ୱିତୀୟ ଡୋଜ ନେବା ଆବଶ୍ୟକ କି? 
Yes. It is recommended that both doses of vaccine should be taken for realising the full benefit of vaccination. Both doses must be of the same vaccine type.,ହଁ । ଟିକା ଭଲ ଭାବେ କାମ କରିବା ପାଇଁ ଉଭୟ ଡୋଜ ଟିକା ନିଆଯିବା ଉଚିତ ବୋଲି ପରାମର୍ଶ କରାଯାଇଛି । ଉଭୟ ଡୋଜ ସମାନ ଟିକା ପ୍ରକାରର ହେବା ଆବଶ୍ୟକ ।
When should I take the 2nd dose of vaccination?  It is recommended that the 2nd dose of COVAXIN should be administered in the interval of 4 to 6 weeks from the date of 1st dose administration. For COVISHIELD the recommended interval is 4 to 8 weeks while an interval of 6 to 8 weeks gives an enhanced protection. You may choose the date of 2nd dose vaccination as per your convenience. ,ମୁଁ ଟିକାକରଣର ଦ୍ୱିତୀୟ ଡୋଜ କେବେ ନେବା ଉଚିତ? ପ୍ରଥମ ଡୋଜ ମିଳିବା ତାରିଖଠାରୁ ୪ ରୁ ୬ ସପ୍ତାହ ବ୍ୟବଧାନରେ କୋଭାକ୍ସିନର ଦ୍ୱିତୀୟ ଡୋଜ ଦିଆଯିବା ଉଚିତ । କୋଭିସିଲ୍ଡ ପାଇଁ ଏହି ବ୍ୟବଧାନ ୪ ରୁ ୮ ସପ୍ତାହ ହୋଇଥିବା ବେଳେ ୬ ରୁ ୮ ସପ୍ତାହର ବ୍ୟବଧାନ ଅଧିକ ସୁରକ୍ଷା ଦେଇଥାଏ । ଆପଣ ନିଜ ସୁବିଧା ଅନୁସାରେ ଦ୍ୱିତୀୟ ଡୋଜ ଟିକାକରଣ ତାରିଖ ବାଛିପାରିବେ ।
Will my 2nd dose appointment be automatically scheduled by Co-WIN system? ,ମୋର ଦ୍ୱିତୀୟ ଡୋଜ ଆପଏଣ୍ଟମେଣ୍ଟ ଆପେଆପେ କୋ-ୱିନ ସିଷ୍ଟମ ଦ୍ୱାରା ନିର୍ଦ୍ଧାରିତ ହେବ କି? 
No. You have to take an appointment for the 2nd dose vaccination. The Co-WIN system will help you book an appointment in a Vaccination Centre where the same vaccine is being administered as the vaccine type (COVAXIN or COVISHIELD) of the 1st dose.,ନା । ଦ୍ୱିତୀୟ ଡୋଜ ଟିକାକରଣ ପାଇଁ ଆପଣଙ୍କୁ ଏକ ଆପଏଣ୍ଟମେଣ୍ଟ ନେବାକୁ ପଡ଼ିବ । କୋ-ୱିନ ସିଷ୍ଟମ ଆପଣଙ୍କୁ ଏକ ଟିକାକରଣ କେନ୍ଦ୍ରରେ ଏକ ଆପଏଣ୍ଟମେଣ୍ଟ ବୁକ କରିବାରେ ସାହାଯ୍ୟ କରିବ ଓ ସେଠାରେ ପ୍ରଥମ ଡୋଜ ସହ ସମାନ ଟିକା ପ୍ରକାର (କୋଭାକ୍ସିନ କିମ୍ବା କୋଭିସିଲ୍ଡ) ଦିଆଯାଉଛି ।
Whom can I contact if I have some problems related to my online registration of appointment?,ମୋ ବୁକିଂର ଅନଲାଇନ ପଞ୍ଜିକରଣ ସହ ଯୋଡ଼ା କିଛି ଅସୁବିଧା ଥିଲେ କାହାକୁ ଜଣାଇପାରିବି?
You can call on the national helpline ‘1075’ for information and guidance on COVID-19 vaccination and Co-WIN software related queries.  ,ଆପଣ କୋଭିଡ-19 ଟିକାକରଣ ଏବଂ କୋ-ୱିନ ସଫ୍ଟୱେୟାର ସମ୍ବନ୍ଧୀୟ ପ୍ରଶ୍ନଗୁଡ଼ିକ ଉପରେ ସୂଚନା ଏବଂ ସହାୟତା ପାଇଁ ଜାତୀୟ ହେଲ୍ପଲାଇନ '1075'କୁ ଫୋନ କରିପାରିବେ। 
B. Scheduling Appointment ,ଖ) ନିର୍ଦ୍ଧାରଣ ବୁକିଂ 
Can I book an appointment for vaccination in the Co-WIN portal? ,ମୁଁ କୋ-ୱିନ ପୋର୍ଟାଲରେ ଟିକାକରଣ ପାଇଁ ଏକ ଆପଏଣ୍ଟମେଣ୍ଟ ବୁକ କରିପାରିବି କି? 
"Yes, you can book appointment for vaccination through Co-WIN portal after logging-in to the Co-WIN Portal through your registered mobile number. The system will show vaccination centres that allow vaccination as per the age of the citizen entered in the registration portal.  ","ହଁ, ଆପଣ ଆପଣଙ୍କ ପଞ୍ଜିକୃତ ମୋବାଇଲ ନମ୍ଵର ମାଧ୍ୟମରେ କୋ-ୱିନ ପୋର୍ଟାଲରେ ଲଗ ଇନ କରିବା ପରେ କୋ-ୱିନ ପୋର୍ଟାଲ ମାଧ୍ୟମରେ ଟିକାକରଣ ପାଇଁ ଆପଏଣ୍ଟମେଣ୍ଟ ବୁକ କରିପାରିବେ। ଏହି ବ୍ୟବସ୍ଥା ଟିକାକରଣ କେନ୍ଦ୍ରଦେଖାଇବ ଯାହା ପଞ୍ଜୀକରଣ ପୋର୍ଟାଲରେ ପ୍ରବେଶ କରିଥିବା ନାଗରିକଙ୍କ ବୟସ ଅନୁସାରେ ଟିକାକରଣକୁ ଅନୁମତି ଦେବ । "
What are the options if one citizen is aged 45 or above and other is aged 18 or above?,ଜଣେ ନାଗରିକଙ୍କ ବୟସ ୪୫ ବା ତହିଁରୁ ଅଧିକ ଏବଂ ଅନ୍ୟ ଜଣଙ୍କର ବୟସ ୧୮ କିମ୍ବା ତହିଁରୁ ଅଧିକ ହୋଇଥିଲେ ବିକଳ୍ପ କଣ?
"If one citizen is aged 45 or above and other citizen is aged 18 to 44 years and both want to schedule a combined appointment, then only private paid vaccination centres or vaccination centres as per State’s policy will be made available. However, it may happen that some hospitals which are catering to people with 45 years or more may not allow the booking of appointments for people with lesser age. In that case you may make bookings one by one.  ",ଜଣେ ନାଗରିକଙ୍କ ବୟସ ୪୫ ବା ତହିଁରୁ ଅଧିକ ଏବଂ ଅନ୍ୟ ଜଣଙ୍କର ବୟସ ୧୮ ରୁ ୪୪ ବର୍ଷ ଭିତରେ ଏବଂ ଉଭୟ ମିଳିତ ବୁକିଂ ବାଛିବାକୁ ଚାହୁଁଥିଲେ ତାହା କେବଳ ରାଜ୍ୟର ନୀତି ଅନୁସାରେ କିମ୍ବା କେବଳ ଘରୋଇ ଟିକାକରଣ କେନ୍ଦ୍ରରେ ଉପଲବ୍ଧ ହେବ । ତେବେ ୪୫ ବର୍ଷ କିମ୍ବା ତା'ଠାରୁ ଅଧିକ ବୟସ୍କ ଲୋକଙ୍କୁ ଟିକା ଦେଉଥିବା ଡାକ୍ତରଖାନାଗୁଡ଼ିକ କମ ବୟସର ଲୋକଙ୍କ ପାଇଁ ବୁକିଂ କରିବାକୁ ଅନୁମତି ଦେଇନପାରନ୍ତି । ସେହି କ୍ଷେତ୍ରରେ ଆପଣ ଗୋଟିଏ ପରେ ଗୋଟିଏ ବୁକିଂ କରିପାରିବେ ।
Can I check the vaccine being administered at each vaccination centre?,ମୁଁ ପ୍ରତ୍ୟେକ ଟିକାକରଣ କେନ୍ଦ୍ରରେ ଦିଆଯାଉଥିବା ଟିକା ପରଖିପାରିବି କି?
"Yes, while scheduling an appointment for vaccination, the system will show vaccination centre names along with the name of the vaccine that will be administered in case of private hospitals. Government hospitals may not show the name of the vaccine. ","ହଁ, ଟିକାକରଣ ପାଇଁ ଏକ ଆପଏଣ୍ଟମେଣ୍ଟ ବାଛିବା ସମୟରେ, ଏହି ସିଷ୍ଟମ ଟିକା ନାମ ସହିତ ଟିକା କରଣ କେନ୍ଦ୍ରର ନାମ ଦେଖାଇବ ଓ ତାହା ଘରୋଇ ଡାକ୍ତରଖାନା କ୍ଷେତ୍ରରେ ଦିଆଯିବ । ସରକାରୀ ଡାକ୍ତରଖାନାଗୁଡ଼ିକ ଟିକାର ନାମ ଦେଖାଇ ନପାରନ୍ତି । "
Can I download appointment slip?,ମୁଁ ଆପଏଣ୍ଟମେଣ୍ଟ ସ୍ଲିପ ଡାଉନଲୋଡ କରିପାରିବି କି?
"Yes, the appointment slip can be downloaded after the appointment has been scheduled. ","ହଁ, ଆପଏଣ୍ଟମେଣ୍ଟ ନିର୍ଦ୍ଧାରଣ ହେବା ପରେ ଆପଏଣ୍ଟମେଣ୍ଟ ସ୍ଲିପ ଡାଉନଲୋଡ କରାଯାଇପାରିବ। "
How can I find the nearest vaccination centre?  ,ମୁଁ ନିକଟତମ ଟିକାକରଣ କେନ୍ଦ୍ରକୁ କିପରି ପାଇପାରିବି? 
You can search in Co-WIN portal (or Aarogya Setu) for the vaccination centre nearest to your location by either searching through PIN code or by choosing the State and the District.  What if I cannot go for vaccination on the date of appointment? ,ଆପଣ ପିନ କୋଡ଼ ମାଧ୍ୟମରେ କିମ୍ୱା ରାଜ୍ୟ ଏବଂ ଜିଲ୍ଲା ବାଛି ଆପଣଙ୍କ ରହିବା ସ୍ଥାନର ନିକଟତମ ଟିକାକରଣ କେନ୍ଦ୍ର ପାଇଁ କୋ-ୱିନ ପୋର୍ଟାଲରେ (କିମ୍ୱା ଆରୋଗ୍ୟ ସେତୁ) ଖୋଜିପାରିବେ । ଯଦି ମୁଁ ବୁକିଂ ତାରିଖରେ ଟିକାକରଣ ପାଇଁ ଯାଇପାରିବି ନାହିଁ ତେବେ କ'ଣ ହେବ?
Can I reschedule my appointment? ,ମୁଁ ମୋର ବୁକିଂ ବଦଳାଇପାରିବି କି? 
"The appointment can be rescheduled at any time. In case you are not able to go for vaccination on the date of appointment, you can reschedule the appointment by clicking on “Reschedule” tab. ","ଇଚ୍ଛା ଅନୁସାରେ ବୁକିଂ ବଦଳାଇପାରିବ। ଯଦି ଆପଣ ବୁକିଂ ତାରିଖରେ ଟିକାକରଣ ପାଇଁ ଯାଇପାରିବେ ନାହିଁ, ତେବେ ଆପଣ ""ପୁନଃନିର୍ଦ୍ଧାରଣ"" ଟ୍ୟାବରେ କ୍ଲିକ କରି ବୁକିଂ ବଦଳାଇପାରିବେ। "
Do I have an option for cancellation of appointment?  ,ବୁକିଂ ବାତିଲ ପାଇଁ ମୁଁ କିଛି ବିକଳ୍ପ ବାଛିପାରିବି କି?
"Yes, you can cancel an appointment already scheduled. You can also reschedule the appointment and choose another date or time slot of your convenience.  ","ହଁ, ଆପଣ ଆଗରୁ ନିର୍ଦ୍ଧାରିତ ଏକ ଆପଏଣ୍ଟମେଣ୍ଟ ବାତିଲ କରିପାରିବେ । ବୁକିଂକୁ ବଦଳାଇ କରିପାରିବେ ଏବଂ ନିଜ ସୁବିଧା ଅନୁସାରେ ଅନ୍ୟ ତାରିଖ କିମ୍ବା ସମୟ ଅବଧି ବାଛିପାରିବେ । "
Where will I receive confirmation of date and time of vaccination? ,ଟିକାକରଣର ତାରିଖ ଏବଂ ସମୟର ନିଶ୍ଚିତକରଣ ମୁଁ କେଉଁଠାରେ ପାଇବି? 
"Once an appointment is scheduled, you will receive the details of the vaccination centre, date and time slot chosen for appointment in an SMS sent to your registered mobile number. You can also download the appointment slip and print it or keep it on your smart phone.","ଥରେ ଏକ ଆପଏଣ୍ଟମେଣ୍ଟ ନିର୍ଦ୍ଧାରଣ ହେବା ପରେ ଆପଣ ନିଜ ପଞ୍ଜିକୃତ ମୋବାଇଲ ନମ୍ଵରକୁ ପଠାଯାଇଥିବା ଏକ ଏସଏମଏସରେ ବୁକିଂ ପାଇଁ ମନୋନୀତ ଟିକାକରଣ କେନ୍ଦ୍ର, ତାରିଖ ଏବଂ ସମୟ ଅବଧିର ବିବରଣୀ ପାଇବେ । ଆପଣ ଆପଏଣ୍ଟମେଣ୍ଟ ସ୍ଲିପ ଡାଉନଲୋଡ କରିପାରିବେ ଏବଂ ଏହାକୁ ପ୍ରିଣ୍ଟ କରିପାରିବେ କିମ୍ବା ଏହାକୁ ଆପଣଙ୍କ ସ୍ମାର୍ଟ ଫୋନରେ ସାଇତି ପାରିବେ ।"
Can I get vaccination without appointment? ,ମୁଁ ବିନା ବୁକିଂରେ ଟିକାକରଣ ପାଇପାରିବି କି? 
"Citizens aged 45 years and above can schedule appointments online or walk-in to vaccination centres. Citizens aged 18-44 years should mandatorily register themselves and schedule appointment online before vaccination.  However, all citizens are recommended to register online and schedule vaccination in advance for a hassle-free vaccination experience.  ","୪୫ ବର୍ଷ ଓ ତହିଁରୁ ଅଧିକ ବୟସର ନାଗରିକମାନେ ଅନଲାଇନ ବୁକିଂ ନିର୍ଦ୍ଧାରଣ କରିପାରିବେ କିମ୍ବା ଟିକାକରଣ କେନ୍ଦ୍ରକୁ ସିଧା ଆସିପାରିବେ । ୧୮-୪୪ ବର୍ଷ ବୟସର ନାଗରିକମାନେ ବାଧ୍ୟତାମୂଳକ ଭାବରେ ନିଜକୁ ପଞ୍ଜିକରଣ କରିବା ଉଚିତ ଏବଂ ଟିକାକରଣ ପୂର୍ବରୁ ଅନଲାଇନରେ ବୁକିଂ ବାଛିବା ଉଚିତ । ତଥାପି, ସମସ୍ତ ନାଗରିକଙ୍କୁ ଅନଲାଇନ ପଞ୍ଜିକରଣ କରିବାକୁ ଏବଂ ଏକ ଅସୁବିଧାମୁକ୍ତ ଟିକାକରଣ ଅଭିଜ୍ଞତା ପାଇଁ ଆଗୁଆ ଟିକାକରଣ ବାଛିବାକୁ ସୁପାରିଶ କରାଯାଇଛି । "
Ministry of Health and Family WelfareFAQ Dashboard Open APIs  Department Login  Vaccinator  Verify Certificate ,ସ୍ୱାସ୍ଥ୍ୟ ଏବଂ ପରିବାର କଲ୍ୟାଣ ମନ୍ତ୍ରଣାଳୟ ଏଫଏଏଫକ୍ୟୁ ଡ୍ୟାସବୋର୍ଡ ଖୋଲା ଏପିଆଇ ବିଭାଗ ଲଗଇନ ଟିକାକରଣ ପ୍ରମାଣପତ୍ର ପରଖନ୍ତୁ 
Ministry of Health and Family Welfare,ସ୍ୱାସ୍ଥ୍ୟ ଏବଂ ପରିବାର କଲ୍ୟାଣ ମନ୍ତ୍ରଣାଳୟ
Register/ Sign In yourself,ନିଜର ପଞ୍ଜିକରଣ/ସାଇନ ଇନ କରନ୍ତୁ
Check your nearest vaccination center and slots availability ,ଆପଣଙ୍କ ନିକଟତମ ଟିକାକରଣ କେନ୍ଦ୍ର ଏବଂ ଅବଧି ଉପଲବ୍ଧତା ପରଖନ୍ତୁ 
Search ,ଖୋଜନ୍ତୁ
View full report »,ସମ୍ପୂର୍ଣ୍ଣ ରିପୋର୍ଟ ଦେଖନ୍ତୁ »
How it Works Register Yourself Register using your Mobile no. or Aadhaar no. or any other Identity docs.Choose Vaccine LocationSelect your nearby Vaccine Center for vaccinationConfirm your SlotBook your slot to Get VaccineAny Question? Please follow our Frequently asked questions (FAQ)Know how to book your appointment Dos and Don'ts ,ଏହା କିପରି କାମ କରେ ଆପଣଙ୍କ ମୋବାଇଲ ନମ୍ବର ବ୍ୟବହାର କରି ନିଜକୁ ପଞ୍ଜିକରଣ କରନ୍ତୁ କିମ୍ବା ଆଧାର ନଂ. ବା ଅନ୍ୟ କୌଣସି ପରିଚୟ ଡକୁମେଣ୍ଟ । ଟିକା ନେବା ସ୍ଥାନ ବାଛନ୍ତୁ ଟିକାକରଣ ପାଇଁ ଆପଣଙ୍କ ନିକଟବର୍ତ୍ତୀ ଟିକା କେନ୍ଦ୍ର ବାଛନ୍ତୁ ଟିକାକରଣ ପାଇଁ ଆପଣଙ୍କ ଅବଧି ବୁକ ନିଶ୍ଚିତ କରନ୍ତୁ କିଛି ପ୍ରଶ୍ନ? ଦୟାକରି ଆମର ବାରମ୍ବାର ପଚରାଯାଇଥିବା ପ୍ରଶ୍ନଗୁଡ଼ିକ (ଏଫଏକ୍ୟୁ) ଦେଖନ୍ତୁ ଆପଣଙ୍କ ଆପଏଣ୍ଟମେଣ୍ଟ କଣ କରିବେ ଓ କଣ କରିବେ ନାହିଁ
How it Works Register Yourself Register using your Mobile no. or Aadhaar no. or any other Identity docs.Choose Vaccine LocationSelect your nearby Vaccine Center for vaccinationConfirm your SlotBook your slot to Get VaccineAny Question? Please follow our Frequently asked questions (FAQ)Know how to book your appointment Dos and Don'ts ,ଏହା କିପରି କାମ କରେ ଆପଣଙ୍କ ମୋବାଇଲ ନମ୍ବର ବ୍ୟବହାର କରି ନିଜକୁ ପଞ୍ଜିକରଣ କରନ୍ତୁ କିମ୍ବା ଆଧାର ନଂ. ବା ଅନ୍ୟ କୌଣସି ପରିଚୟ ଡକୁମେଣ୍ଟ । ଟିକା ନେବା ସ୍ଥାନ ବାଛନ୍ତୁ ଟିକାକରଣ ପାଇଁ ଆପଣଙ୍କ ନିକଟବର୍ତ୍ତୀ ଟିକା କେନ୍ଦ୍ର ବାଛନ୍ତୁ ଟିକାକରଣ ପାଇଁ ଆପଣଙ୍କ ଅବଧି ବୁକ ନିଶ୍ଚିତ କରନ୍ତୁ କିଛି ପ୍ରଶ୍ନ? ଦୟାକରି ଆମର ବାରମ୍ବାର ପଚରାଯାଇଥିବା ପ୍ରଶ୍ନଗୁଡ଼ିକ (ଏଫଏକ୍ୟୁ) ଦେଖନ୍ତୁ ଆପଣଙ୍କ ଆପଏଣ୍ଟମେଣ୍ଟ କଣ କରିବେ ଓ କଣ କରିବେ ନାହିଁ
How it Works ,ଏହା କିପରି କାର୍ଯ୍ୟ କରେ 
Register Yourself Register using your Mobile no. or Aadhaar no. or any other Identity docs.Choose Vaccine LocationSelect your nearby Vaccine Center for vaccinationConfirm your SlotBook your slot to Get VaccineAny Question? Please follow our Frequently asked questions (FAQ)Know how to book your appointment Dos and Don'ts ,ଆପଣଙ୍କ ମୋବାଇଲ ନମ୍ବର କିମ୍ବା ଆଧାର ନଂ. କିମ୍ୱା ଅନ୍ୟ କୌଣସି ପରିଚୟ ଡକୁମେଣ୍ଟ ବ୍ୟବହାର କରି ନିଜକୁ ପଞ୍ଜିକରଣ କରନ୍ତୁ । ଟିକା ନେବା ସ୍ଥାନ ବାଛନ୍ତୁ ଟିକାକରଣ ପାଇଁ ଆପଣଙ୍କ ପାଖ ଟିକା କେନ୍ଦ୍ର ବାଛନ୍ତୁ ଟିକାକରଣ ପାଇଁ ନିଜ ଅବଧି ବୁକ କରନ୍ତୁ କିଛି ପ୍ରଶ୍ନ? ଦୟାକରି ଆମ ବାରମ୍ବାର ପଚରାଯାଇଥିବା ପ୍ରଶ୍ନଗୁଡ଼ିକ ଦେଖନ୍ତୁ (ଏଫଏକ୍ୟୁ)
Register Yourself Register using your Mobile no. or Aadhaar no. or any other Identity docs.Choose Vaccine LocationSelect your nearby Vaccine Center for vaccinationConfirm your SlotBook your slot to Get VaccineAny Question? Please follow our Frequently asked questions (FAQ),ଆପଣଙ୍କ ମୋବାଇଲ ନମ୍ବର କିମ୍ବା ଆଧାର ନଂ. କିମ୍ୱା ଅନ୍ୟ କୌଣସି ପରିଚୟ ଡକୁମେଣ୍ଟ ବ୍ୟବହାର କରି ନିଜକୁ ପଞ୍ଜିକରଣ କରନ୍ତୁ । ଟିକା ନେବା ସ୍ଥାନ ବାଛନ୍ତୁ ଟିକାକରଣ ପାଇଁ ଆପଣଙ୍କ ନିକଟବର୍ତ୍ତୀ ଟିକା କେନ୍ଦ୍ର ବାଛନ୍ତୁ ଟିକାକରଣ ପାଇଁ ନିଜ ଅବଧି ବୁକ କରନ୍ତୁ କିଛି ପ୍ରଶ୍ନ? ଦୟାକରି ଆମ ବାରମ୍ବାର ପଚରାଯାଇଥିବା ପ୍ରଶ୍ନଗୁଡ଼ିକ ଅନୁସରଣ କରନ୍ତୁ (ଏଫଏକ୍ୟୁ)
Register Yourself Register using your Mobile no. or Aadhaar no. or any other Identity docs.Choose Vaccine LocationSelect your nearby Vaccine Center for vaccinationConfirm your SlotBook your slot to Get VaccineAny Question? Please follow our Frequently asked questions (FAQ),ଆପଣଙ୍କ ମୋବାଇଲ ନମ୍ବର କିମ୍ବା ଆଧାର ନଂ. କିମ୍ୱା ଅନ୍ୟ କୌଣସି ପରିଚୟ ଡକୁମେଣ୍ଟ ବ୍ୟବହାର କରି ନିଜକୁ ପଞ୍ଜିକରଣ କରନ୍ତୁ । ଟିକା ନେବା ସ୍ଥାନ ବାଛନ୍ତୁ ଟିକାକରଣ ପାଇଁ ଆପଣଙ୍କ ନିକଟବର୍ତ୍ତୀ ଟିକା କେନ୍ଦ୍ର ବାଛନ୍ତୁ ଟିକାକରଣ ପାଇଁ ନିଜ ଅବଧି ବୁକ କରନ୍ତୁ କିଛି ପ୍ରଶ୍ନ? ଦୟାକରି ଆମ ବାରମ୍ବାର ପଚରାଯାଇଥିବା ପ୍ରଶ୍ନଗୁଡ଼ିକ ଅନୁସରଣ କରନ୍ତୁ (ଏଫଏକ୍ୟୁ)
Register Yourself Register using your Mobile no. or Aadhaar no. or any other Identity docs.Choose Vaccine LocationSelect your nearby Vaccine Center for vaccinationConfirm your SlotBook your slot to Get VaccineAny Question? Please follow our Frequently asked questions (FAQ),ଆପଣଙ୍କ ମୋବାଇଲ ନମ୍ବର କିମ୍ବା ଆଧାର ନଂ. କିମ୍ୱା ଅନ୍ୟ କୌଣସି ପରିଚୟ ଡକୁମେଣ୍ଟ ବ୍ୟବହାର କରି ନିଜକୁ ପଞ୍ଜିକରଣ କରନ୍ତୁ । ଟିକା ନେବା ସ୍ଥାନ ବାଛନ୍ତୁ ଟିକାକରଣ ପାଇଁ ଆପଣଙ୍କ ନିକଟବର୍ତ୍ତୀ ଟିକା କେନ୍ଦ୍ର ବାଛନ୍ତୁ ଟିକାକରଣ ପାଇଁ ନିଜ ଅବଧି ବୁକ କରନ୍ତୁ କିଛି ପ୍ରଶ୍ନ? ଦୟାକରି ଆମ ବାରମ୍ବାର ପଚରାଯାଇଥିବା ପ୍ରଶ୍ନଗୁଡ଼ିକ ଅନୁସରଣ କରନ୍ତୁ (ଏଫଏକ୍ୟୁ)
Register Yourself Register using your Mobile no. or Aadhaar no. or any other Identity docs.Choose Vaccine LocationSelect your nearby Vaccine Center for vaccinationConfirm your SlotBook your slot to Get VaccineAny Question? Please follow our Frequently asked questions (FAQ),ଆପଣଙ୍କ ମୋବାଇଲ ନମ୍ବର କିମ୍ବା ଆଧାର ନଂ. କିମ୍ୱା ଅନ୍ୟ କୌଣସି ପରିଚୟ ଡକୁମେଣ୍ଟ ବ୍ୟବହାର କରି ନିଜକୁ ପଞ୍ଜିକରଣ କରନ୍ତୁ । ଟିକା ନେବା ସ୍ଥାନ ବାଛନ୍ତୁ ଟିକାକରଣ ପାଇଁ ଆପଣଙ୍କ ନିକଟବର୍ତ୍ତୀ ଟିକା କେନ୍ଦ୍ର ବାଛନ୍ତୁ ଟିକାକରଣ ପାଇଁ ନିଜ ଅବଧି ବୁକ କରନ୍ତୁ କିଛି ପ୍ରଶ୍ନ? ଦୟାକରି ଆମ ବାରମ୍ବାର ପଚରାଯାଇଥିବା ପ୍ରଶ୍ନଗୁଡ଼ିକ ଅନୁସରଣ କରନ୍ତୁ (ଏଫଏକ୍ୟୁ)
Register Yourself Register using your Mobile no. or Aadhaar no. or any other Identity docs.,ଆପଣଙ୍କ ମୋବାଇଲ ନମ୍ବର ବ୍ୟବହାର କରି ନିଜକୁ ପଞ୍ଜିକରଣ କରନ୍ତୁ କିମ୍ବା ଆଧାର ନଂ. କିମ୍ୱା ଅନ୍ୟ କୌଣସି ପରିଚୟ ଡକୁମେଣ୍ଟ ।
Register Yourself Register using your Mobile no. or Aadhaar no. or any other Identity docs.,ଆପଣଙ୍କ ମୋବାଇଲ ନମ୍ବର ବ୍ୟବହାର କରି ନିଜକୁ ପଞ୍ଜିକରଣ କରନ୍ତୁ କିମ୍ବା ଆଧାର ନଂ. କିମ୍ୱା ଅନ୍ୟ କୌଣସି ପରିଚୟ ଡକୁମେଣ୍ଟ ।
Register Yourself Register using your Mobile no. or Aadhaar no. or any other Identity docs.,ଆପଣଙ୍କ ମୋବାଇଲ ନମ୍ବର ବ୍ୟବହାର କରି ନିଜକୁ ପଞ୍ଜିକରଣ କରନ୍ତୁ କିମ୍ବା ଆଧାର ନଂ. କିମ୍ୱା ଅନ୍ୟ କୌଣସି ପରିଚୟ ଡକୁମେଣ୍ଟ ।
Choose Vaccine LocationSelect your nearby Vaccine Center for vaccination,ଟିକା ନେବା ସ୍ଥାନ ବାଛନ୍ତୁ ଟିକାକରଣ ପାଇଁ ଆପଣଙ୍କ ନିକଟବର୍ତ୍ତୀ ଟିକା କେନ୍ଦ୍ର ବାଛନ୍ତୁ
Choose Vaccine LocationSelect your nearby Vaccine Center for vaccination,ଟିକା ନେବା ସ୍ଥାନ ବାଛନ୍ତୁ ଟିକାକରଣ ପାଇଁ ଆପଣଙ୍କ ନିକଟବର୍ତ୍ତୀ ଟିକା କେନ୍ଦ୍ର ବାଛନ୍ତୁ
Choose Vaccine LocationSelect your nearby Vaccine Center for vaccination,ଟିକା ନେବା ସ୍ଥାନ ବାଛନ୍ତୁ ଟିକାକରଣ ପାଇଁ ଆପଣଙ୍କ ନିକଟବର୍ତ୍ତୀ ଟିକା କେନ୍ଦ୍ର ବାଛନ୍ତୁ
Confirm your SlotBook your slot to Get Vaccine,ଟିକା ପାଇବା ପାଇଁ ଆପଣଙ୍କ ଅବଧି ଟିକା ପାଇବା ପାଇଁ ନିଜ ଅବଧି ନିଶ୍ଚିତ କରନ୍ତୁ
Confirm your SlotBook your slot to Get Vaccine,ଟିକା ପାଇବା ପାଇଁ ଆପଣଙ୍କ ଅବଧି ଟିକା ପାଇବା ପାଇଁ ନିଜ ଅବଧି ନିଶ୍ଚିତ କରନ୍ତୁ
Confirm your SlotBook your slot to Get Vaccine,ଟିକା ପାଇବା ପାଇଁ ଆପଣଙ୍କ ଅବଧି ଟିକା ପାଇବା ପାଇଁ ନିଜ ଅବଧି ନିଶ୍ଚିତ କରନ୍ତୁ
Any Question? Please follow our Frequently asked questions (FAQ),କୌଣସି ପ୍ରଶ୍ନ? ଦୟାକରି ଆମର ବାରମ୍ବାର ପଚରାଯାଇଥିବା ପ୍ରଶ୍ନଗୁଡ଼ିକ ଅନୁସରଣ କରନ୍ତୁ (ଏଫଏକ୍ୟୁ)
Any Question? Please follow our Frequently asked questions (FAQ),କୌଣସି ପ୍ରଶ୍ନ? ଦୟାକରି ଆମର ବାରମ୍ବାର ପଚରାଯାଇଥିବା ପ୍ରଶ୍ନଗୁଡ଼ିକ ଅନୁସରଣ କରନ୍ତୁ (ଏଫଏକ୍ୟୁ)
Any Question? Please follow our Frequently asked questions (FAQ),କୌଣସି ପ୍ରଶ୍ନ? ଦୟାକରି ଆମର ବାରମ୍ବାର ପଚରାଯାଇଥିବା ପ୍ରଶ୍ନଗୁଡ଼ିକ ଅନୁସରଣ କରନ୍ତୁ (ଏଫଏକ୍ୟୁ)
Know how to book your appointment Dos and Don'ts ,କିପରି ନିଜ ଆପଏଣ୍ଟମେଣ୍ଟ ବୁକ କରିବେ ଜାଣନ୍ତୁ କଣ କରିବେ ଓ କଣ କରିବେ ନାହିଁ
Know how to book your appointment Dos and Don'ts ,କିପରି ନିଜ ଆପଏଣ୍ଟମେଣ୍ଟ ବୁକ କରିବେ ଜାଣନ୍ତୁ କଣ କରିବେ ଓ କଣ କରିବେ ନାହିଁ
Know how to book your appointment ,ଆପଣଙ୍କ ଆପଏଣ୍ଟମେଣ୍ଟ କିପରି ବୁକ କରିବେ ଜାଣନ୍ତୁ 
Dos and Don'ts ,କଣ କରିବେ ଓ କଣ କରିବେ ନାହିଁ
Our Partners ,ଆମର ଅଂଶୀଦାର 
" Co-WIN Support Desk- We're online  Send Transcriptions  End Chat Start ChatMonday, 1:27 PMWelcome to CoWin Helpdesk, if you need help simply reply to this message, we are online and ready to help.This chat session has ended","କୋ-ୱିନ ସାହାଯ୍ୟ ଡେସ୍କ - ଆମେ ଅନଲାଇନ ଟ୍ରାନ୍ସକ୍ରିପ୍ସନ୍ ଶେଷ ଚାଟ୍ ଆରମ୍ଭ ଚାଟ୍ ସୋମବାର, 1:27 ଅପରାହ୍ଣ ସ୍ୱାଗତ କୋ-ୱିନ ହେଲ୍ପଡେସ୍କକୁ ସ୍ୱାଗତ, ଯଦି ଆପଣ କେବଳ ଏହି ମେସେଜକୁ ଉତ୍ତର ଦେବାରେ ସାହାଯ୍ୟ ଲୋଡ଼ନ୍ତି, ତେବେ ଆମେ ଅନଲାଇନ ଏବଂ ସାହାଯ୍ୟ କରିବାକୁ ପ୍ରସ୍ତୁତ । ଏହି ଚାଟ୍ ଅଧିବେଶନ ଶେଷ ହୋଇଛି"
Co-WIN Support Desk- We're online  Send Transcriptions  End Chat ,କୋ-ୱିନ ସାହାଯ୍ୟ ଡେସ୍କ- ଆମେ ଅନଲାଇନ ଟ୍ରାନ୍ସକ୍ରିପ୍ସନ୍ ଶେଷ ଚାଟ୍ ପଠାଉଛୁ 
Co-WIN Support Desk- We're online ,କୋ-ୱିନ ସାହାଯ୍ୟ ଡେସ୍କ- ଆମେ ଅନଲାଇନ ଅଛୁ 
Send Transcriptions  End Chat ,ଟ୍ରାନ୍ସକ୍ରିପ୍ସନ୍ ଶେଷ ଚାଟ୍ ପଠାନ୍ତୁ 
Send Transcriptions  End Chat ,ଟ୍ରାନ୍ସକ୍ରିପ୍ସନ୍ ଶେଷ ଚାଟ୍ ପଠାନ୍ତୁ 
Start Chat,ଚାଟ୍ ଆରମ୍ଭ କରନ୍ତୁ
"Monday, 1:27 PMWelcome to CoWin Helpdesk, if you need help simply reply to this message, we are online and ready to help.","ସୋମବାର, 1:27 ଅପରାହ୍ଣ କୋ-ୱିନ ହେଲ୍ପଡେସ୍କକୁ ସ୍ୱାଗତ, ଯଦି ଆପଣ କେବଳ ଏହି ମେସେଜକୁ ଉତ୍ତର ଦେବାରେ ସାହାଯ୍ୟ ଲୋଡ଼ନ୍ତି, ଆମେ ଅନଲାଇନ ଏବଂ ସାହାଯ୍ୟ କରିବାକୁ ପ୍ରସ୍ତୁତ ।"
"Monday, 1:27 PMWelcome to CoWin Helpdesk, if you need help simply reply to this message, we are online and ready to help.","ସୋମବାର, ଅପରାହ୍ଣ 1:27 କୋ-ୱିନ ହେଲ୍ପଡେସ୍କକୁ ସ୍ୱାଗତ, ଯଦି ଆପଣ କେବଳ ଏହି ମେସେଜକୁ ଉତ୍ତର ଦେବାରେ ସାହାଯ୍ୟ ଲୋଡ଼ନ୍ତି, ଆମେ ଅନଲାଇନ ଏବଂ ସାହାଯ୍ୟ କରିବାକୁ ପ୍ରସ୍ତୁତ ।"
"Monday, 1:27 PM","ସୋମବାର, ଅପରାହ୍ଣ ୧:୨୭"
"Welcome to CoWin Helpdesk, if you need help simply reply to this message, we are online and ready to help.","କୋ-ୱିନ ହେଲ୍ପଡେସ୍କକୁ ସ୍ୱାଗତ, ଯଦି ଆପଣ କେବଳ ଏହି ମେସେଜକୁ ଉତ୍ତର ଦେବାରେ ସାହାଯ୍ୟ ଲୋଡ଼ନ୍ତି, ତେବେ ଆମେ ଅନଲାଇନ ଏବଂ ସାହାଯ୍ୟ କରିବାକୁ ପ୍ରସ୍ତୁତ ।"
This chat session has ended,ଏହି ଚାଟ୍ ଅବଧି ଶେଷ ହୋଇଛି
Tot Vaccination Doses,ମୋଟ ଟିକାକରଣ ଡୋଜ
Dose-1 Vaccinations,ଡୋଜ-୧ ଟିକାକରଣ
Dose-2 Vaccinations,ଡୋଜ-୨ ଟିକାକରଣ
Tot Vaccinated - Male,ମୋଟ ଟିକା ଦିଆଯାଇଛି - ପୁରୁଷ
Tot Vaccinated - Female,ମୋଟ ଟିକା ଦିଆଯାଇଛି - ମହିଳା
AEFI Reported,ଏଇଏଫଆଇ ରିପୋର୍ଟ କରିଛି
Register using your Mobile no. or Aadhaar no. or any other Identity docs.,ଆପଣଙ୍କ ମୋବାଇଲ ନମ୍ବର ବ୍ୟବହାର କରି ପଞ୍ଜିକରଣ କରନ୍ତୁ। କିମ୍ବା ଆଧାର ନଂ. କିମ୍ୱା ଅନ୍ୟ କୌଣସି ପରିଚୟ ଡକୁମେଣ୍ଟ ।
Select your nearby Vaccine Center for vaccination,ଟିକାକରଣ ପାଇଁ ଆପଣଙ୍କ ନିକଟବର୍ତ୍ତୀ ଟିକା କେନ୍ଦ୍ର ବାଛନ୍ତୁ
Book your slot to Get Vaccine,ଟିକା ପାଇବା ପାଇଁ ଆପଣଙ୍କ ଅବଧି ବୁକ କରନ୍ତୁ
Please follow our Frequently asked questions (FAQ),ଦୟାକରି ଆମର ବାରମ୍ବାର ପଚରାଯାଇଥିବା ପ୍ରଶ୍ନଗୁଡ଼ିକ ଅନୁସରଣ କରନ୍ତୁ (ଏଫଏକ୍ୟୁ)
How it Works ,ଏହା କିପରି କାର୍ଯ୍ୟ କରେ 
Our Partners ,ଆମର ଅଂଶୀଦାର 
Check your nearest vaccination center and slots availability ,ଆପଣଙ୍କ ନିକଟତମ ଟିକାକରଣ କେନ୍ଦ୍ର ଏବଂ ଅବଧି ଉପଲବ୍ଧତା ପରଖନ୍ତୁ 
Register Yourself ,ନିଜକୁ ପଞ୍ଜିକରଣ କରନ୍ତୁ 
Choose Vaccine Location,ଟିକା ସ୍ଥାନ ବାଛନ୍ତୁ
Confirm your Slot,ଆପଣଙ୍କ ଅବଧି ଥୟକରନ୍ତୁ
Any Question?,କିଛି ପଚାରିବେ କି?
This chat session has ended,ଏହି ଚାଟ୍ ଅଧିବେଶନ ଶେଷ ହୋଇଛି
Ministry of Health and Family Welfare,ସ୍ୱାସ୍ଥ୍ୟ ଏବଂ ପରିବାର କଲ୍ୟାଣ ମନ୍ତ୍ରଣାଳୟ
FAQ ,ବାରମ୍ବାର ପଚରାଯାଉଥିବା ପ୍ରଶ୍ନଗୁଡ଼ିକ 
Dashboard ,ଡ୍ୟାସବୋର୍ଡ 
Open APIs ,ଏପିଆଇ ଖୋଲନ୍ତୁ 
Department Login ,ବିଭାଗ ଲଗଇନ 
Vaccinator ,ଟିକାକରଣକାରୀ 
Verify Certificate ,ସାର୍ଟିଫିକେଟ ପରଖନ୍ତୁ 
Register/ Sign In yourself,ନିଜର ପଞ୍ଜିକରଣ/ ସାଇନ କରନ୍ତୁ
Register/ Sign In yourself,ନିଜର ପଞ୍ଜିକରଣ/ ସାଇନ କରନ୍ତୁ
View full report »,ସମ୍ପୂର୍ଣ୍ଣ ରିପୋର୍ଟ ଦେଖନ୍ତୁ »
Frequently asked questions (FAQ),ବାରମ୍ବାର ପଚରାଯାଇଥିବା ପ୍ରଶ୍ନ (ଏଫଏକ୍ୟୁ)
Know how to book your appointment ,ଆପଣଙ୍କ ଆପଏଣ୍ଟମେଣ୍ଟ କିପରି ବୁକ କରିବେ ଜାଣନ୍ତୁ 
Dos and Don'ts ,କଣ କରିବେ ଓ କଣ କରିବେ ନାହିଁ
Send Transcriptions ,ଟ୍ରାନ୍ସକ୍ରିପସନ ପଠାନ୍ତୁ 
End Chat ,ଶେଷ ଚାଟ୍ 
FAQ ,ବାରମ୍ବାର ପଚରାଯାଉଥିବା ପ୍ରଶ୍ନ
Dashboard ,ଡ୍ୟାସବୋର୍ଡ 
Open APIs ,ଏପିଆଇ ଖୋଲନ୍ତୁ 
Department Login ,ବିଭାଗ ଲଗଇନ 
Vaccinator ,ଟିକାଦାନକାରୀ 
Verify Certificate ,ସାର୍ଟିଫିକେଟ ପରଖନ୍ତୁ 
Register/ Sign In yourself,ନିଜର ପଞ୍ଜିକରଣ/ସାଇନ ଇନ କରନ୍ତୁ
FAQ Dashboard Open APIs  Department Login  Vaccinator  Verify Certificate ,ଏଫଏକ୍ୟୁ ଡ୍ୟାସବୋର୍ଡ ଖୋଲା ଏପିଆଇ ବିଭାଗ ଲଗଇନ ଟିକାକରଣ ସାର୍ଟିଫିକେଟ ପରଖନ୍ତୁ 
Register/ Sign In yourself,ନିଜର ପଞ୍ଜିକରଣ/ ସାଇନ ଇନ କରନ୍ତୁ