word,replacedWord
Registration,ਪੰਜੀਕਰਣ
Lakh,ਲੱਖ
Doses,ਖ਼ੁਰਾਕਾਂ
Dose,ਖ਼ੁਰਾਕ
Vaccinated,ਟੀਕਾ ਲਾਇਆ ਗਿਆ
AEFI Reported,ਏਈਐੱਫਆਈ ਰਿਪੋਰਟ ਕਰ ਦਿੱਤੀ ਗਈ 
Where can I register for COVID-19 vaccination?,ਮੈਂ ਕੋਵਿਡ-19 ਟੀਕਾਕਰਨ ਲਈ ਕਿੱਥੇ ਪੰਜੀਕਰਣ ਕਰਾ ਸਕਦਾ/ਸਕਦੀ ਹਾਂ?
You can log into the Co-WIN portal using the link,ਤੁਸੀਂ ਲਿੰਕ ਦੀ ਵਰਤੋਂ ਕਰਕੇ Co-WIN ਪੋਰਟਲ 'ਤੇ ਲਾਗ-ਇੰਨ ਕਰ ਸਕਦੇ ਹੋ
and click on the â€œRegister/Sign In yourselfâ€ tab to register for COVID-19 vaccination.,ਅਤੇ â€œ ਖੁਦ ਨੂੰ ਪੰਜੀਕ੍ਰਿਤ/ਸਾਇਨ ਇਨ ਕਰਕੇ â€œਟੈਬ 'ਤੇ ਕਲਿਕ ਕਰਕੇ ਕੋਵਿਡ-19 ਟੀਕਾਕਰਨ ਲਈ ਪੰਜੀਕਰਣ ਕਰਾ ਸਕਦੇ ਹੋ।
Is there a mobile app that needs to be installed to register for vaccination?,ਕੀ ਟੀਕਾਕਰਨ ਦਾ ਪੰਜੀਕਰਣ ਕਰਾਉਣ ਲਈ ਕੋਈ ਮੋਬਾਇਲ ਐਪ ਹੈ ਜਿਹਨੂੰ ਇੰਸਟਾਲ ਕਰਨ ਦੀ ਲੋੜ ਹੋਵੇਗੀ?
Is online registration mandatory for Covid 19 vaccination?,ਕੀ ਕੋਵਿਡ-19 ਟੀਕਾਕਰਨ ਲਈ ਆਨਲਾਈਨ ਪੰਜੀਕਰਣ ਲਾਜ਼ਮੀ ਹੈ?
"Vaccination Centres provide for a limited number of on-spot registration slots every day. Citizens aged 45 years and above can schedule appointments online or walk-in to vaccination centres. However, Citizens aged 18-44 years should mandatorily register themselves and schedule appointment online before going to vaccination centre.",ਟੀਕਾਕਰਨ ਕੇਂਦਰ ਹਰ ਦਿਨ ਸੀਮਤ ਸੰਖਿਆ ਵਿੱਚ ਆਨ-ਸਪਾਟ ਪੰਜੀਕਰਣ ਸਲਾਟ ਪ੍ਰਦਾਨ ਕਰਦੇ ਹਨ। 45 ਸਾਲ ਅਤੇ ਉਸ ਤੋਂ ਵੱਧ ਉਮਰ ਦੇ ਨਾਗਰਿਕ ਆਨਲਾਈਨ ਅਪਾਇੰਟਮੈਂਟ ਪ੍ਰਾਪਤ ਕਰ ਸਕਦੇ ਹਨ ਜਾਂ ਖੁਦ ਟੀਕਾਕਰਨ ਕੇਂਦਰ  ਜਾ ਕੇ ਲੈ ਸਕਦੇ ਹਨ। ਹਾਲਾਂਕਿ 18-44 ਸਾਲ ਦੇ ਨਾਗਰਿਕਾਂ ਨੂੰ ਟੀਕਾਕਰਨ ਕੇਂਦਰ ਜਾਣ ਤੋਂ ਪਹਿਲਾਂ ਲਾਜ਼ਮੀ ਰੂਪ ਵਿੱਚ ਆਪਣਾ ਆਨਲਾਈਨ ਪੰਜੀਕਰਣ ਕਰਾਉਣਾ ਚਾਹੀਦਾ ਹੈ ਅਤੇ ਅਪਾਇੰਟਮੈਂਟ ਹਾਸਲ ਕਰਨੀ ਚਾਹੀਦੀ ਹੈ।
"In general, all citizens are recommended to register online and schedule vaccination in advance for a hassle-free vaccination experience.","ਸਧਾਰਣ ਰੂਪ ਨਾਲ਼, ਸਾਰੇ ਨਾਗਰਿਕਾਂ ਨੂੰ ਸਲਾਹ ਦਿੱਤੀ ਜਾਂਦੀ ਹੈ ਕਿ ਉਹ ਅਸਾਨੀ ਨਾਲ਼ ਟੀਕਾ ਲਵਾਉਣ ਲਈ ਪੇਸ਼ਗੀ ਰੂਪ ਵਿੱਚ ਆਨਲਾਈਨ ਪੰਜੀਕਰਣ ਕਰਾ ਲੈਣ ਅਤੇ ਟੀਕੇ ਦੀ ਮਿਤੀ ਨਿਰਧਾਰਤ ਕਰ ਲੈਣ। "
"There is no authorised mobile app for registering for vaccination in India except Aarogya Setu. You need to log into the Co-WIN portal. Alternatively, you can also register for vaccination through the Aarogya Setu App.",ਭਾਰਤ ਵਿੱਚ ਟੀਕਾਕਰਨ ਦਾ ਪੰਜੀਕਰਣ ਕਰਾਉਣ ਲਈ ਅਰੋਗਯ ਸੇਤੂ ਤੋਂ ਇਲਾਵਾ ਕੋਈ ਅਧਿਕਾਰਤ ਮੋਬਾਇਲ ਐਪ ਨਹੀਂ ਹੈ। ਤੁਹਾਨੂੰ Co-WIN ਪੋਰਟਲ 'ਤੇ ਲਾਗ-ਇੰਨ ਕਰਨਾ ਹੋਵੇਗਾ। ਵਿਕਲਪ ਦੇ ਤੌਰ 'ਤੇ ਤੁਸੀਂ ਅਰੋਗਯ ਸੇਤੂ ਐਪ ਜ਼ਰੀਏ ਵੀ ਟੀਕਾਕਰਨ ਲਈ ਪੰਜੀਕਰਣ ਕਰਾ ਸਕਦੇ ਹੋ।
Which age groups can register for vaccination on the Co-WIN portal?,ਕਿਹੜੀ ਉਮਰ ਵਰਗ ਦੇ ਲੋਕ ਟੀਕਾਕਰਨ ਲਈ Co-WIN ਪੋਰਟਲ 'ਤੇ ਕਰਵਾ ਸਕਦੇ ਹਨ?
All citizens aged 18 years and above can register for vaccination,18 ਸਾਲ ਅਤੇ ਉਸ ਤੋਂ ਵੱਧ ਉਮਰ ਦੇ ਸਾਰੇ ਨਾਗਰਿਕ ਟੀਕਾਕਰਨ ਲਈ ਪੰਜੀਕਰਣ ਕਰਵਾ ਸਕਦੇ ਹਨ
How many people can be registered in the Co-WIN portal through one mobile number?,Co-WIN ਪੋਰਟਲ 'ਤੇ ਇੱਕ ਮੋਬਾਇਲ ਨੰਬਰ ਰਾਹੀਂ ਕਿੰਨੇ ਲੋਕਾਂ ਨੂੰ ਪੰਜੀਕ੍ਰਿਤ ਕੀਤਾ ਜਾ ਸਕਦਾ ਹੈ?
Up to 4 people can be registered for vaccination using the same mobile number.,ਇੱਕ ਹੀ ਮੋਬਾਇਲ ਨੰਬਰ ਦੀ ਵਰਤੋਂ ਨਾਲ਼ 4 ਲੋਕਾਂ ਨੂੰ ਟੀਕਾਕਰਨ ਲਈ ਪੰਜੀਕ੍ਰਿਤ ਕੀਤਾ ਜਾ ਸਕਦਾ ਹੈ।
How can citizens with no access to smart phones or computers manage online registration?,"ਜਿਨ੍ਹਾਂ ਨਾਗਰਿਕਾਂ ਦੇ ਕੋਲ਼ ਸਮਾਰਟ ਫ਼ੋਨ ਜਾਂ ਕੰਪਿਊਟਰ ਨਹੀਂ ਹਨ, ਉਹ ਆਪਣਾ ਆਨਲਾਈਨ ਪੰਜੀਕਰਣ ਕਿਵੇਂ ਕਰਾ ਸਕਦੇ ਹਨ?"
Up to 4 people can be registered for vaccination using the same mobile number,ਇੱਕ ਹੀ ਮੋਬਾਇਲ ਨੰਬਰ ਦੀ ਵਰਤੋਂ ਨਾਲ਼ 4 ਲੋਕਾਂ ਨੂੰ ਟੀਕਾਕਰਨ ਲਈ ਪੰਜੀਕ੍ਰਿਤ ਕੀਤਾ ਜਾ ਸਕਦਾ ਹੈ।
Citizens can take help from friends or family for online registration,ਨਾਗਰਿਕ ਆਨਲਾਈਨ ਪੰਜੀਕਰਣ ਲਈ ਦੋਸਤਾਂ ਜਾਂ ਰਿਸ਼ਤੇਦਾਰਾਂ ਤੋਂ ਸਹਾਇਤਾ ਲੈ ਸਕਦੇ ਹਨ
Can I register for vaccination without Aadhaar card?,ਕੀ ਮੈਂ ਅਧਾਰ ਕਾਰਡ ਦੇ ਬਗੈਰ ਟੀਕਾਕਰਨ ਲਈ ਪੰਜੀਕਰਣ ਕਰਾ ਸਕਦਾ ਹਾਂ?
"Yes, you can register on Co-WIN portal using any of the following ID proofs","ਹਾਂ, ਤੁਸੀਂ Co-WIN ਪੋਰਟਲ 'ਤੇ ਨਿਮਨਲਿਖਤ ਵਿੱਚੋਂ ਕਿਸੇ ਵੀ ਆਈਡੀ ਪਰੂਫ ਦੀ ਵਰਤੋਂ ਕਰਕੇ ਪੰਜੀਕਰਣ ਕਰਾ ਸਕਦੇ ਹੋ"
Aadhaar card,ਅਧਾਰ ਕਾਰਡ
Driving License,ਡਰਾਈਵਿੰਗ ਲਾਈਸੈਂਸ
PAN card,ਪੈਨ ਕਾਰਡ
Passport,ਪਾਸਪੋਰਟ
Pension Passbook,ਪੈਂਸ਼ਨ ਪਾਸਬੁੱਕ
NPR Smart Card,ਐੱਨਪੀਆਰ ਸਮਾਰਟ ਕਾਰਡ
Voter ID,ਵੋਟਰ ਆਈਡੀ
Is there any registration charges to be paid?,ਕੀ ਪੰਜੀਕਰਣ ਲਈ ਕੁਝ ਪੈਸਾ ਵੀ ਦੇਣਾ ਹੋਵੇਗਾ?
No. There is no registration charge.,ਨਹੀਂ। ਪੰਜੀਕਰਣ ਕਰਾਉਣ ਦੀ ਕੋਈ ਲਾਗਤ ਨਹੀਂ ਹੈ।
Whom do I contact in case of side effects from vaccination,ਟੀਕਾਕਰਨ ਦੇ ਉਲਟ/ਬੁਰੇ ਅਸਰ ਹੋਣ ਦੀ ਸੂਰਤ ਵਿੱਚ ਕਿਸ ਨਾਲ਼ ਸੰਪਰਕ ਕਰਾਂ?
Why do I need a vaccination certificate?,ਮੈਨੂੰ ਟੀਕਾਕਰਨ ਦੇ ਪ੍ਰਮਾਣਪੱਤਰ ਦੀ ਲੋੜ ਕਿਉਂ ਹੈ?
"A COVID Vaccine Certificate (CVC) issued by the government offers an assurance to the beneficiary on the vaccination, type of vaccine used, and the provisional certificate also provides the next vaccination due","ਸਰਕਾਰ ਦੁਆਰਾ ਜਾਰੀ ਕੀਤਾ ਗਿਆ ਕੋਵਿਡ ਵੈਕਸੀਨ ਸਰਟੀਫਿਕੇਟ/ਪ੍ਰਮਾਣਪੱਤਰ (ਸੀਵੀਸੀ) ਲਾਭਪਾਤਰੀ ਨੂੰ ਟੀਕਾਕਰਨ, ਵਰਤੇ ਗਏ ਟੀਕੇ ਦੀ ਕਿਸਮ ਦਾ ਭਰੋਸਾ ਦਵਾਉਂਦਾ ਹੈ ਅਤੇ ਆਰਜੀ ਪ੍ਰਮਾਣਪੱਤਰ ਅਗਲੇ ਟੀਕੇ ਦੀ ਤਰੀਕ ਬਾਰੇ ਵੀ ਦੱਸਦਾ ਹੈ।"
It also is an evidence for the citizen to prove to any entities which may require proof of vaccination specially in case of travel,ਇਹ ਨਾਗਰਿਕ ਵਾਸਤੇ ਕਿਸੇ ਵੀ ਸੰਸਥਾ ਨੂੰ ਪੇਸ਼ ਕੀਤਾ ਜਾਣ ਵਾਲ਼ਾ ਸਬੂਤ ਵੀ ਹੈ ਜਿਹਨੂੰ ਖਾਸ ਕਰਕੇ ਯਾਤਰਾ ਦੇ ਮਾਮਲੇ ਵਿੱਚ ਟੀਕਾਕਰਨ ਦੇ ਸਬੂਤ ਦੀ ਲੋੜ ਪੈ ਸਕਦੀ ਹੈ।
"Vaccination not only protects individuals from disease, but also reduces their risk of spreading the virus. Therefore, there could be a requirement in future to produce certificate for certain kind of social interactions and international travel.","ਟੀਕਾਕਰਣ ਨਾ ਸਿਰਫ ਵਿਅਕਤੀਆਂ ਨੂੰ ਬਿਮਾਰੀ ਤੋਂ ਬਚਾਉਂਦਾ ਹੈ, ਬਲਕਿ ਵਾਇਰਸ ਫੈਲਣ ਦੇ ਉਨ੍ਹਾਂ ਦੇ ਜੋਖਮ ਨੂੰ ਵੀ ਘਟਾਉਂਦਾ ਹੈ। ਇਸਲਈ ਭਵਿੱਖ ਵਿੱਚ ਕਿਸੇ ਕਿਸਮ ਦੀ ਸਮਾਜਿਕ ਗੱਲਬਾਤ ਅਤੇ ਅੰਤਰਰਾਸ਼ਟਰੀ ਯਾਤਰਾ ਲਈ ਇਹ ਪ੍ਰਮਾਣਪੱਤਰ ਦਿਖਾਉਣਾ ਪੈ ਸਕਦਾ ਹੈ।"
"Therefore, there could be a requirement in future to produce certificate for certain kind of social interactions and international travel.","ਇਸਲਈ, ਭਵਿੱਖ ਵਿੱਚ ਕਿਸੇ ਤਰ੍ਹਾਂ ਦੀ ਸਮਾਜਿਕ ਗੱਲਬਾਤ ਅਤੇ ਅੰਤਰਰਾਸ਼ਟਰੀ ਯਾਤਰਾ ਲਈ ਇਸ ਪ੍ਰਮਾਣਪੱਤਰ ਨੂੰ ਦਿਖਾਉਣਾ ਪੈ ਸਕਦਾ ਹੈ।"
Who is responsible for providing the vaccination certificate?,ਟੀਕਾਕਰਨ ਪ੍ਰਮਾਣਪੱਤਰ ਪ੍ਰਦਾਨ ਕਰਨ ਲਈ ਜ਼ਿੰਮੇਦਾਰ ਕੌਣ ਹੈ?
"The Vaccination Centre is responsible for generating your certificate and for providing a printed copy post vaccination on the day of vaccination itself. Please do insist on receiving the certificate at the Centre. For Private Hospitals, the charges for providing a printed copy of the certificate are included in the service charge for vaccination.","ਟੀਕਾਕਰਨ ਕੇਂਦਰ ਟੀਕਾਕਰਨ ਦੇ ਦਿਨ ਹੀ ਟੀਕਾਕਰਨ ਤੋਂ ਬਾਅਦ ਤੁਹਾਡਾ ਪ੍ਰਮਾਣਪੱਤਰ ਤਿਆਰ ਕਰਨ ਅਤੇ ਉਹਦੀ ਇੱਕ ਛਪੀ ਕਾਪੀ ਪ੍ਰਦਾਨ ਕਰਨ ਲਈ ਜ਼ਿੰਮੇਦਾਰ ਹੈ। ਕ੍ਰਿਪਾ ਕਰਕੇ ਕੇਂਦਰ ਵਿੱਚ ਪ੍ਰਮਾਣਪੱਤਰ ਪ੍ਰਾਪਤ ਕਰਨ 'ਤੇ ਜ਼ੋਰ ਦਿਓ। ਨਿੱਜੀ ਹਸਪਤਾਲਾਂ ਲਈ, ਪ੍ਰਮਾਣਪੱਤਰ ਦੀ ਛਪੀ ਕਾਪੀ ਪ੍ਰਦਾਨ ਕਰਨ ਦੀ ਲਾਗਤ ਟੀਕਾਕਰਨ ਦੇ ਸੇਵਾ ਲਾਗਤ ਵਿੱਚ ਹੀ ਸ਼ਾਮਲ ਹੈ।"
Where can I download vaccination certificate from?,ਟੀਕਾਕਰਨ ਦਾ ਪ੍ਰਮਾਣਪੱਤਰ ਮੈਂ ਕਿੱਥੋਂ ਡਾਉਨਲੋਡ ਕਰ ਸਕਦਾ ਹਾਂ?
Vaccination,ਟੀਕਾਕਰਨ
Vaccine Certificate,ਟੀਕਾਕਰਨ ਪ੍ਰਮਾਣਪੱਤਰ
Reporting Side effects,ਉਲਟ ਅਸਰਾਂ ਦੀ ਸੂਚਨਾ ਦਿਓ
You can download vaccination certificate from the Co-WIN portal (cowin.gov.in) or the Aarogya Setu app or through Digi-Locker by following the simple steps.,ਤੁਸੀਂ ਸੁਖਾਲੀਆਂ ਵਿਧੀਆਂ ਦਾ ਪਾਲਣ ਕਰਕੇ Co-WIN ਪੋਰਟਲ (cowin.gov.in) ਜਾਂ ਅਰੋਗਯ ਸੇਤੂ ਐਪ ਜਾਂ ਡਿਜੀ-ਲਾਕਰ ਦੇ ਜ਼ਰੀਏ ਟੀਕਾਕਰਨ ਦਾ ਪ੍ਰਮਾਣਪੱਤਰ ਡਾਊਨਲੋਡ ਕਰ ਸਕਦੇ ਹੋ।
You may do so by using the mobile number used at the time of registration.,ਤੁਸੀਂ ਪੰਜੀਕਰਣ ਸਮੇਂ ਦਿੱਤੇ ਗਏ ਮੋਬਾਇਲ ਨੰਬਰ ਦੀ ਵਰਤੋਂ ਕਰਕੇ ਵੀ ਇੰਝ ਕਰ ਸਕਦੇ ਹੋ।
In this context the certificate issued by Co-WIN has built in security features to guarantee genuineness of the certificate which can be digitally verified using approved utilities which are provided in Co-WIN portal.,ਇਸ ਸੰਦਰਭ ਵਿੱਚ Co-WIN ਦੁਆਰਾ ਜਾਰੀ ਕੀਤੇ ਗਏ ਪ੍ਰਮਾਣਪੱਤਰ ਵਿੱਚ ਪ੍ਰਮਾਣਪੱਤਰ ਦੀ ਵਾਸਤਵਿਕਤਾ ਦੀ ਗਰੰਟੀ ਲਈ ਸੁਰੱਖਿਆ ਵਿਸ਼ੇਸ਼ਤਾਵਾਂ ਦਾ ਨਿਰਮਾਣ ਕੀਤਾ ਗਿਆ ਹੈ ਜਿਹਨੂੰ Co-WIN ਪੋਰਟਲ ਵਿਚ ਪ੍ਰਦਾਨ ਕੀਤੀਆਂ ਗਈਆਂ ਪ੍ਰਵਾਨਤ ਸਹੂਲਤਾਂ ਦੀ ਵਰਤੋਂ ਕਰਦਿਆਂ ਡਿਜੀਟਲ ਤੌਰ ਤੇ ਤਸਦੀਕ ਕੀਤਾ ਜਾ ਸਕਦਾ ਹੈ।
Is vaccination free at all vaccination centres?,ਕੀ ਸਾਰੇ ਟੀਕਾਕਰਨ ਕੇਂਦਰਾਂ 'ਤੇ ਟੀਕਾਕਰਨ ਮੁਫ਼ਤ ਹੈ?
"No. Currently, vaccination is free at Government hospitals and charged at INR 250 in Private hospitals for citizens aged 45 years and above.","ਨਹੀਂ। ਫਿਲਹਾਲ, ਸਰਕਾਰੀ ਹਸਪਤਾਲਾਂ ਵਿੱਚ ਟੀਕਾਕਰਨ ਮੁਫ਼ਤ ਹੈ ਅਤੇ 45 ਸਾਲ ਅਤੇ ਉਸ ਤੋਂ ਵੱਧ ਉਮਰ ਦੇ ਨਾਗਰਿਕਾਂ ਲਈ ਨਿੱਜੀ ਹਸਪਤਾਲਾਂ ਵਿੱਚ 250 ਰੁਪਏ ਦੀ ਲਾਗਤ ਲਈ ਜਾਂਦੀ ਹੈ।"
"From 1st May onwards, the Vaccination for people of 45 years or more will continue to be free at the Government facilities",1 ਮਈ ਤੋਂ ਸਰਕਾਰੀ ਹਸਪਤਾਲਾਂ ਵਿੱਚ 45 ਸਾਲ ਜਾਂ ਉਸ ਤੋਂ ਵੱਧ ਉਮਰ ਦੇ ਲੋਕਾਂ ਲਈ ਮੁਫ਼ਤ ਟੀਕਾਕਰਨ ਹੀ ਜਾਰੀ ਰਹੇਗਾ
For people between 18 to 44 years the States will announce the policy relating to payment. Vaccination will be priced by private facilities and you can see the price of each vaccine at the time of booking.,18 ਤੋਂ 44 ਸਾਲ ਦੀ ਉਮਰ ਦੇ ਦਾਇਰੇ ਵਿੱਚ ਆਉਂਦੇ ਲੋਕਾਂ ਲਈ ਰਾਜ ਭੁਗਤਾਨ ਨਾਲ਼ ਸਬੰਧਤ ਨੀਤੀ ਦਾ ਐਲਾਨ ਕਰਨਗੇ। ਟੀਕਾਕਰਨ ਦੀ ਕੀਮਤ ਨਿੱਜੀ ਹਸਪਤਾਲਾਂ ਦੁਆਰਾ ਤੈਅ ਕੀਤੀ ਜਾਵੇਗੀ ਅਤੇ ਤੁਸੀਂ ਬੁਕਿੰਗ ਦੇ ਸਮੇਂ ਹਰੇਕ ਟੀਕੇ ਦੀ ਕੀਮਤ ਦੇਖ ਸਕਦੇ ਹੋ।
Vaccination will be priced by private facilities and you can see the price of each vaccine at the time of booking.,ਟੀਕਾਕਰਨ ਦੀ ਕੀਮਤ ਨਿੱਜੀ ਹਸਪਤਾਲਾਂ ਦੁਆਰਾ ਤੈਅ ਕੀਤੀ ਜਾਵੇਗੀ ਅਤੇ ਤੁਸੀਂ ਬੁਕਿੰਗ ਦੇ ਸਮੇਂ ਹਰੇਕ ਟੀਕੇ ਦੀ ਕੀਮਤ ਦੇਖ ਸਕਦੇ ਹੋ।
"The Vaccination Centres have been directed to ensure that if a citizen is being vaccinated with 2nd dose, they should confirm that the first dose vaccination was done with the same vaccine as is being offered at the time of second dose and that the first dose was administered more than 28 days ago.",ਟੀਕਾਕਰਨ ਕੇਂਦਰ ਨੂੰ ਇਹ ਪਤਾ ਲਾਉਣ ਦਾ ਨਿਰਦੇਸ਼ ਦਿੱਤਾ ਗਿਆ ਹੈ ਕਿ ਜੇਕਰ ਕਿਸੇ ਨਾਗਰਿਕ ਨੂੰ ਟੀਕੇ ਦੀ ਦੂਸਰੀ ਖ਼ੁਰਾਕ ਲਾਈ ਜਾ ਰਹੀ ਹੈ ਤਾਂ ਉਨ੍ਹਾਂ ਨੂੰ ਇਸ ਗੱਲ ਦੀ ਪੁਸ਼ਟੀ ਕਰਨੀ ਚਾਹੀਦੀ ਹੈ ਕਿ ਪਹਿਲੀ ਖ਼ੁਰਾਕ ਦੇ ਸਮੇਂ ਵੀ ਉਹੀ ਟੀਕਾ ਲਗਾਇਆ ਗਿਆ ਸੀ ਜਿਹੜਾ ਦੂਸਰੀ ਖ਼ੁਰਾਕ ਵੇਲ਼ੇ ਲਾਇਆ ਜਾ ਰਿਹਾ ਹੈ ਅਤੇ ਪਹਿਲੀ ਖ਼ੁਰਾਕ ਪ੍ਰਾਪਤ ਕੀਤਿਆਂ 28 ਦਿਨਾਂ ਤੋਂ ਵੱਧ ਸਮਾਂ ਬੀਤ ਚੁੱਕਿਆ ਹੋਵੇ।
You should share the correct information about the vaccine type and the date of 1st dose vaccination with the vaccinator.,ਤੁਹਾਨੂੰ ਟੀਕਾ-ਪ੍ਰਦਾਤਾ ਦੇ ਨਾਲ਼ ਟੀਕੇ ਦੀ ਕਿਸਮ ਅਤੇ ਟੀਕੇ ਦੀ ਪਹਿਲੀ ਖ਼ੁਰਾਕ ਲੈਣ ਦੀ ਮਿਤੀ ਦੇ ਬਾਰੇ ਸਹੀ ਜਾਣਕਾਰੀ ਸਾਂਝੀ ਕਰਨੀ ਚਾਹੀਦੀ ਹੈ।
You should carry your vaccine certificate issued after the first dose.,ਤੁਹਾਨੂੰ ਪਹਿਲੀ ਖ਼ੁਰਾਕ ਤੋਂ ਬਾਅਦ ਜਾਰੀ ਕੀਤਾ ਗਿਆ ਆਪਣਾ ਟੀਕਾ ਪ੍ਰਮਾਣਪੱਤਰ ਨਾਲ਼ ਰੱਖਣਾ ਚਾਹੀਦਾ ਹੈ।
Can I check the price of the vaccine?,ਕੀ ਮੈਂ ਟੀਕੇ ਦੀ ਕੀਮਤ ਚੈੱਕ ਕਰ ਸਕਦਾ/ਸਕਦੀ ਹਾਂ
Frequently Asked Questions on Co-WIN,Co-WIN ਬਾਰੇ ਅਕਸਰ ਪੁੱਛੇ ਜਾਂਦੇ ਸਵਾਲ
Yes. The System will show the price of the vaccine below the name of the vaccination centre at the time of scheduling an appointment.,ਜੀ ਹਾਂ। ਅਪਾਇੰਟਮੈਂਟ ਲੈਂਦੇ ਸਮੇਂ ਸਿਸਟਮ ਟੀਕਾਕਰਨ ਕੇਂਦਰ ਦੇ ਨਾਮ ਹੇਠ ਟੀਕੇ ਦੀ ਕੀਮਤ ਦਿਖਾਏਗਾ।
Can I choose the vaccine?,ਕੀ ਮੈਂ ਟੀਕਾ ਚੁਣ ਸਕਦਾ/ਸਕਦੀ ਹਾਂ?
"System will show the vaccine being administered in each vaccination centre at the time of scheduling an appointment. Citizen can choose the vaccination centre as per their choice of vaccine being administered However, the choice will not be available at the Government facilities .","ਅਪਾਇੰਟਮੈਂਟ ਲੈਂਦੇ ਵੇਲ਼ੇ ਸਿਸਟਮ ਹਰੇਕ ਟੀਕਾਕਰਨ ਕੇਂਦਰ ਵਿੱਚ ਲਗਾਏ ਜਾ ਰਹੇ ਟੀਕੇ ਨੂੰ ਦਿਖਾਵੇਗਾ। ਨਾਗਰਿਕ ਆਪਣੀ ਪਸੰਦ ਦੇ ਟੀਕੇ ਅਨੁਸਾਰ ਟੀਕਾਕਰਨ ਕੇਂਦਰ ਦੀ ਚੋਣ ਕਰ ਸਕਦੇ ਹਨ। ਹਾਲਾਂਕਿ, ਸਰਕਾਰੀ ਹਸਪਤਾਲਾਂ ਵਿੱਚ ਇਹ ਵਿਕਲਪ ਮੌਜੂਦ ਨਹੀਂ ਹੋਵੇਗਾ।"
What precautions should I take at the time of 2nd dose vaccination?,ਟੀਕੇ ਦੀ ਦੂਸਰੀ ਖ਼ੁਰਾਕ ਲੈਂਦੇ ਸਮੇਂ ਮੈਨੂੰ ਕਿਹੜੀਆਂ ਸਾਵਧਾਨੀਆਂ ਵਰਤਣੀਆਂ ਚਾਹੀਦੀਆਂ ਹਨ?
"The Vaccination Centres have been directed to ensure that if a citizen is being vaccinated with 2nd dose, they should confirm that the first dose vaccination was done with the same vaccine as is being offered at the time of second dose and that the first dose was administered more than 28 days ago. You should share the correct information about the vaccine type and the date of 1st dose vaccination with the vaccinator. You should carry your vaccine certificate issued after the first dose.",ਟੀਕਾਕਰਨ ਕੇਂਦਰਾਂ ਨੂੰ ਇਹ ਯਕੀਨੀ ਬਣਾਉਣ ਦੇ ਨਿਰਦੇਸ਼ ਦਿੱਤੇ ਗਏ ਹਨ ਕਿ ਜੇਕਰ ਕਿਸੇ ਨਾਗਰਿਕ ਨੂੰ ਦੂਸਰੀ ਖ਼ੁਰਾਕ ਦਾ ਟੀਕਾ ਲਗਾਇਆ ਜਾ ਰਿਹਾ ਹੋਵੇ ਤਾਂ ਉਨ੍ਹਾਂ ਨੂੰ ਇਹ ਪੁਸ਼ਟੀ ਕਰਨੀ ਚਾਹੀਦੀ ਹੈ ਕਿ ਪਹਿਲੀ ਖ਼ੁਰਾਕ ਦਾ ਟੀਕਾਕਰਨ ਉਸੇ ਟੀਕੇ ਦੇ ਨਾਲ਼ ਕੀਤਾ ਗਿਆ ਸੀ ਜੋ ਦੂਸਰੀ ਖ਼ੁਰਾਕ ਦੇ ਸਮੇਂ ਦਿੱਤਾ ਜਾ ਰਿਹਾ ਹੈ ਅਤੇ ਪਹਿਲੀ ਖ਼ੁਰਾਕ 28 ਦਿਨਾਂ ਤੋਂ ਵੱਧ ਸਮੇਂ ਪਹਿਲਾਂ ਦਿੱਤੀ ਗਈ ਸੀ। ਤੁਹਾਨੂੰ ਟੀਕਾ-ਪ੍ਰਦਾਤਾ ਦੇ ਨਾਲ਼ ਟੀਕੇ ਦੀ ਕਿਸਮ ਅਤੇ ਟੀਕੇ ਦੀ ਪਹਿਲੀ ਖ਼ੁਰਾਕ ਲੈਣ ਦੀ ਮਿਤੀ ਦੇ ਬਾਰੇ ਸਹੀ ਜਾਣਕਾਰੀ ਸਾਂਝੀ ਕਰਨੀ ਚਾਹੀਦੀ ਹੈ। ਤੁਹਾਨੂੰ ਪਹਿਲੀ ਖ਼ੁਰਾਕ ਤੋਂ ਬਾਦ ਜਾਰੀ ਕੀਤਾ ਗਿਆ ਆਪਣਾ ਟੀਕਾ ਪ੍ਰਮਾਣਪੱਤਰ ਨਾਲ਼ ਰੱਖਣਾ ਚਾਹੀਦਾ ਹੈ।
Can I get vaccinated with 2nd dose in a different State/District?,ਕੀ ਮੈਂ ਦੂਸਰੇ ਰਾਜ/ਜਿਲ੍ਹੇ ਵਿੱਚ ਟੀਕੇ ਦੀ ਦੂਸਰੀ ਖ਼ੁਰਾਕ ਲੈ ਸਕਦਾ/ਸਕਦੀ ਹਾਂ?
"Yes, you can get vaccinated in any State/District. The only restriction is that you will be able to get vaccinated only on those centres which are offering the same vaccine as was administered to you on your first dose.","ਹਾਂ, ਤੁਸੀਂ ਕਿਸੇ ਵੀ ਰਾਜ/ਜਿਲ੍ਹੇ ਵਿੱਚ ਟੀਕਾ ਲਗਵਾ ਸਕਦੇ ਹੋ। ਪਾਬੰਦੀ ਸਿਰਫ਼ ਇਹੀ ਹੈ ਕਿ ਤੁਸੀਂ ਸਿਰਫ਼ ਉਨ੍ਹਾਂ ਕੇਂਦਰਾਂ 'ਤੇ ਟੀਕਾ ਲਗਵਾ ਸਕਦੇ ਹੋ ਜੋ ਉਹੀ ਟੀਕਾ ਦੇ ਰਹੇ ਹੋਣ ਜੋ ਤੁਸਾਂ ਪਹਿਲੀ ਖ਼ੁਰਾਕ ਸਮੇਂ ਲਿਆ ਸੀ।"
Which documents should I carry with me for vaccination?,ਟੀਕਾਕਰਨ ਲਈ ਮੈਨੂੰ ਆਪਣੇ ਨਾਲ਼ ਕਿਹੜਾ ਦਸਤਾਵੇਜ ਲੈ ਜਾਣਾ ਚਾਹੀਦਾ ਹੈ?
You should carry your identity proof specified by you at the time of registration on the Co-WIN portal and a printout/screenshot of your appointment slip.,ਤੁਹਾਨੂੰ Co-WIN ਪੋਰਟਲ 'ਤੇ ਪੰਜੀਕਰਣ ਦੇ ਸਮੇਂ ਆਪਣੀ ਪਛਾਣ ਦੇ ਪ੍ਰਮਾਣ ਵਜੋਂ ਦਿੱਤੇ ਗਏ ਦਸਤਾਵੇਜ ਅਤੇ ਆਪਣੀ ਅਪਾਇੰਟਮੈਂਟ ਦੀ ਪਰਚੀ ਦਾ ਪ੍ਰਿੰਟਆਉਟ/ਸਕਰੀਨਸ਼ਾਟ ਆਪਣੇ ਨਾਲ਼ ਲਿਜਾਣਾ ਚਾਹੀਦਾ ਹੈ।
"I have registered myself on Co-Win portal. However, I am not able to make any booking as I do not see any vaccination facility near my location?","ਮੈਂ Co-Win ਪੋਰਟਲ 'ਤੇ ਆਪਣਾ ਪੰਜੀਕਰਣ ਕਰਾ ਲਿਆ ਹੈ। ਪਰ, ਮੈਂ ਕੋਈ ਬੁਕਿੰਗ ਨਹੀਂ ਕਰ ਪਾ ਰਿਹਾ/ਰਹੀ ਹਾਂ ਕਿਉਂਕਿ ਮੈਨੂੰ ਆਪਣੇ ਘਰ ਦੇ ਆਸਪਾਸ ਕੋਈ ਟੀਕਾਕਰਨ ਕੇਂਦਰ ਨਹੀਂ ਦਿੱਸ ਰਿਹਾ ਹੈ?"
"Yes, it is possible that no facility near your place has published their vaccination program as yet. You may wait for some time till vaccination facilities near your place are onboarded on Co-Win platform, become active and start their services.","ਹਾਂ, ਇਹ ਸੰਭਵ ਹੈ ਕਿ ਤੁਹਾਡੇ ਘਰ ਦੇ ਆਸਪਾਸ ਮੌਜੂਦ ਕਿਸੇ ਵੀ ਕੇਂਦਰ ਨੇ ਅਜੇ ਤੱਕ ਆਪਣਾ ਟੀਕਾਕਰਨ ਪ੍ਰੋਗਰਾਮ ਪ੍ਰਕਾਸ਼ਤ ਨਾ ਕੀਤਾ ਹੋਵੇ। ਤੁਹਾਡੇ ਘਰ ਦਾ ਨੇੜਲਾ ਟੀਕਾਕਰਨ ਕੇਂਦਰ ਜਦੋਂ ਤੱਕ Co-Win ਪਲੇਟਫਾਰਮ ਨਾਲ਼ ਜੁੜ ਨਹੀਂ ਜਾਂਦਾ, ਕਿਰਿਆਸ਼ੀਲ ਨਹੀਂ ਹੋ ਜਾਂਦਾ ਅਤੇ ਆਪਣੀਆਂ ਸੇਵਾਵਾਂ ਸ਼ੁਰੂ ਨਹੀਂ ਕਰ ਦਿੰਦਾ, ਉਦੋਂ ਤੱਕ ਤੁਸੀਂ ਉਡੀਕ ਕਰ ਸਕਦੇ ਹੋ।"
2nd dose scheduling,ਦੂਸਰੀ ਖ਼ੁਰਾਕ ਦੀ ਤਰੀਕ ਤੈਅ ਕਰਨਾ
Is it necessary to take 2nd dose of vaccination?,ਕੀ ਟੀਕੇ ਦੀ ਦੂਸਰੀ ਖ਼ੁਰਾਕ ਲੈਣ ਲਾਜ਼ਮੀ ਹੈ?
Yes. It is recommended that both doses of vaccine should be taken for realising the full benefit of vaccination. Both doses must be of the same vaccine type.,ਹਾਂ। ਇਹ ਸੁਝਾਅ ਦਿੱਤਾ ਜਾਂਦਾ ਹੈ ਕਿ ਟੀਕਾਕਰਨ ਤੋਂ ਪੂਰੀ ਤਰ੍ਹਾਂ ਲਾਹਾ ਚੁੱਕਣ ਲਈ ਟੀਕੇ ਦੀਆਂ ਦੋਵੇਂ ਖ਼ੁਰਾਕਾਂ ਲੈਣੀਆਂ ਜ਼ਰੂਰੀ ਹਨ। ਦੋਵੇਂ ਖ਼ੁਰਾਕਾਂ ਇੱਕ ਹੀ ਤਰ੍ਹਾਂ ਦੇ ਟੀਕੇ ਦੀਆਂ ਹੋਣੀਆਂ ਚਾਹੀਦੀਆਂ ਹਨ।
When should I take the 2nd dose of vaccination?,ਮੈਨੂੰ ਟੀਕੇ ਦੀ ਦੂਸਰੀ ਖ਼ੁਰਾਕ ਕਦੋਂ ਲੈਣੀ ਚਾਹੀਦੀ ਹੈ?
Will my 2nd dose appointment be automatically scheduled by Co-WIN system?,ਕੀ ਮੇਰੀ ਦੂਸਰੀ ਖ਼ੁਰਾਕ ਦੀ ਅਪਾਇੰਟਮੈਂਟ  Co-WIN ਸਿਸਟਮ ਦੁਆਰਾ ਆਪਣੇ ਆਪ ਤੈਅ ਕਰ ਦਿੱਤੀ ਜਾਵੇਗੀ?
No. You have to take an appointment for the 2nd dose vaccination. The Co-WIN system will help you book an appointment in a Vaccination Centre where the same vaccine is being administered as the vaccine type (COVAXIN or COVISHIELD) of the 1st dose.,"ਨਹੀਂ, ਤੁਹਾਨੂੰ ਟੀਕੇ ਦੀ ਦੂਸਰੀ ਖ਼ੁਰਾਕ ਲਈ ਅਪਾਇੰਟਮੈਂਟ ਲੈਣੀ ਹੋਵੇਗੀ।  Co-WIN ਸਿਸਟਮ ਤੁਹਾਨੂੰ ਉਸ ਟੀਕਾਕਰਨ ਕੇਂਦਰ ਵਿੱਚ ਅਪਾਇੰਟਮੈਂਟ ਬੁੱਕ ਕਰਾਉਣ ਵਿੱਚ ਮਦਦ ਕਰੇਗਾ, ਜਿੱਥੇ ਉਹੀ ਟੀਕਾ (COVAXIN ਜਾਂ COVISHIELD) ਲਗਾਇਆ ਜਾ ਰਿਹਾ ਹੋਵੇ ਜੋ ਤੁਸੀਂ ਪਹਿਲੀ ਖ਼ੁਰਾਕ ਦੇ ਸਮੇਂ ਲਿਆ ਸੀ।  "
Whom can I contact if I have some problems related to my online registration of appointment?,ਜੇਕਰ ਮੈਨੂੰ ਅਪਾਇੰਟਮੈਂਟ ਦੇ ਆਨਲਾਈਨ ਪੰਜੀਕਰਣ ਨਾਲ਼ ਜੁੜੀਆਂ ਕੁਝ ਸਮੱਸਿਆਵਾਂ ਹਨ ਤਾਂ ਮੈਂ ਕਿਸ ਨਾਲ਼ ਸੰਪਰਕ ਕਰ ਸਕਦਾ/ਸਕਦੀ ਹਾਂ?
You can call on the national helpline Ã¢â‚¬Ëœ1075Ã¢â‚¬â„¢ for information and guidance on COVID-19 vaccination and Co-WIN software related queries.,ਤੁਸੀਂ ਕੋਵਿਡ-19 ਟੀਕਾਕਰਨ ਅਤੇ Co-WIN ਸਾਫਟਵੇਅਰ ਸਬੰਧੀ ਸਵਾਲਾਂ ਬਾਰੇ ਜਾਣਕਾਰੀ ਅਤੇ ਮਾਰਗਦਰਸ਼ਨ ਲਈ ਰਾਸ਼ਟਰੀ ਹੈਲਪਲਾਈਨ ਨੰਬਰ  Ã¢â‚¬Ëœ1075Ã¢â‚¬â„¢ 'ਤੇ ਸੰਪਰਕ ਕਰ ਸਕਦੇ ਹੋ।
Scheduling Appointment,ਅਪਾਇੰਟਮੈਂਟ ਦੀ ਤਰੀਕ ਤੈਅ ਕਰਨਾ
Can I book an appointment for vaccination in the Co-WIN portal?,ਕੀ ਮੈਂ Co-WIN  ਪੋਰਟਲ 'ਤੇ ਟੀਕਾਕਰਨ ਲਈ ਅਪਾਇੰਟਮੈਂਟ ਬੁੱਕ ਕਰ ਸਕਦਾ/ਸਕਦੀ ਹਾਂ?
"Yes, you can book appointment for vaccination through Co-WIN portal after logging-in to the Co-WIN Portal through your registered mobile number. The system will show vaccination centres that allow vaccination as per the age of the citizen entered in the registration portal.","ਹਾਂ, ਤੁਸੀਂ ਆਪਣੇ ਪੰਜੀਕ੍ਰਿਤ ਮੋਬਾਇਲ ਨੰਬਰ ਰਾਹੀਂ Co-WIN ਪੋਰਟਲ 'ਤੇ ਲਾਗ-ਇੰਨ ਕਰਨ ਤੋਂ ਬਾਦ 'ਤੇ ਪੋਰਟਲ ਜ਼ਰੀਏ ਟੀਕਾਕਰਨ ਲਈ ਅਪਾਇੰਟਮੈਂਟ ਬੁੱਕ ਕਰ ਸਕਦੇ ਹੋ। ਸਿਸਟਮ ਉਨ੍ਹਾਂ ਟੀਕਾਕਰਨ ਕੇਂਦਰਾਂ ਨੂੰ ਦਿਖਾਏਗਾ ਜੋ ਪੰਜੀਕਰਣ ਪੋਰਟਲ ਵਿੱਚ ਦਰਜ਼ ਨਾਗਰਿਕ ਦੀ ਉਮਰ ਅਨੁਸਾਰ ਟੀਕਾਕਰਨ ਦੀ ਆਗਿਆ ਦਿੰਦੇ ਹਨ।"
What are the options if one citizen is aged 45 or above and other is aged 18 or above?,ਜੇਕਰ ਇੱਕ ਨਾਗਰਿਕ ਦੀ ਉਮਰ 45 ਸਾਲ ਜਾਂ ਉਸ ਤੋਂ ਵੱਧ ਅਤੇ ਦੂਸਰੇ ਦੀ ਉਮਰ 18 ਸਾਲ ਜਾਂ ਉਸ ਤੋਂ ਵੱਧ ਹੈ ਤਦ ਕੀ ਵਿਕਲਪ ਹੈ?
"If one citizen is aged 45 or above and other citizen is aged 18 to 44 years and both want to schedule a combined appointment, then only private paid vaccination centres or vaccination centres as per Stateâ€™s policy will be made available. However, it may happen that some hospitals which are catering to people with 45 years or more may not allow the booking of appointments for people with lesser age. In that case you may make bookings one by one.","ਜੇਕਰ ਇੱਕ ਨਾਗਰਿਕ ਦੀ ਉਮਰ 45 ਸਾਲ ਜਾਂ ਉਸ ਤੋਂ ਵੱਧ ਅਤੇ ਦੂਸਰੇ ਦੀ ਉਮਰ 18 ਤੋਂ 44 ਸਾਲ ਦੇ ਵਿਚਕਾਰ ਹੈ ਅਤੇ ਦੋਵੇਂ ਇਕੱਠਿਆਂ ਅਪਾਇੰਟਮੈਂਟ ਬੁੱਕ ਕਰਾਉਣਾ ਚਾਹੁੰਦੇ ਹਨ, ਤਦ ਸਿਰਫ਼ ਨਿੱਜੀ ਭੁਗਤਾਨ ਵਾਲ਼ੇ ਟੀਕਾਕਰਨ ਕੇਂਦਰ ਜਾਂ ਰਾਜ ਦੀ ਨੀਤੀ ਅਨੁਸਾਰ ਬਣਾਏ ਗਏ ਟੀਕਾਕਰਨ ਕੇਂਦਰ ਹੀ ਉਪਲਬਧ ਕਰਾਏ ਜਾਣਗੇ। ਹਾਲਾਂਕਿ, ਇੰਝ ਹੋ ਸਕਦਾ ਹੈ ਕਿ ਕੁਝ ਹਸਪਤਾਲ ਜੋ 45 ਸਾਲ ਜਾਂ ਇਸ ਤੋਂ ਵੱਧ ਉਮਰ ਦੇ ਲੋਕਾਂ ਨੂੰ ਟੀਕਾ ਲਾ ਰਹੇ ਹਨ, ਉਹ ਘੱਟ ਉਮਰ ਦੇ ਲੋਕਾਂ ਨੂੰ ਅਪਾਇੰਟਮੈਂਟ ਬੁੱਕ ਕਰਾਉਣ ਦੀ ਆਗਿਆ ਨਾ ਦੇਣ। ਅਜਿਹੀ ਹਾਲਤ ਵਿੱਚ ਤੁਸੀਂ ਇੱਕ-ਇੱਕ ਕਰਕੇ ਬੁਕਿੰਗ ਕਰਾ ਸਕਦੇ ਹੋ।"
Can I check the vaccine being administered at each vaccination centre?,ਕੀ ਮੈਂ ਹਰੇਕ ਟੀਕਾਕਰਨ ਕੇਂਦਰ ਵਿੱਚ ਲਾਏ ਜਾ ਰਹੇ ਟੀਕੇ ਨੂੰ ਚੈਕ ਕਰ ਸਕਦਾ/ਸਕਦੀ ਹਾਂ?
"Yes, while scheduling an appointment for vaccination, the system will show vaccination centre names along with the name of the vaccine that will be administered in case of private hospitals. Government hospitals may not show the name of the vaccine.","ਹਾਂ, ਟੀਕਾਕਰਨ ਲਈ ਅਪਾਇੰਟਮੈਂਟ ਬੁੱਕ ਕਰਾਉਂਦੇ ਸਮੇਂ, ਸਿਸਟਮ ਟੀਕਾਕਰਨ ਕੇਂਦਰ ਦੇ ਨਾਂਅ ਦੇ ਨਾਲ਼-ਨਾਲ਼ ਵੈਕਸੀਨ ਦੇ ਨਾਮ ਵੀ ਦਿਖਾਏਗਾ ਜੋ ਨਿੱਜੀ ਹਸਪਤਾਲਾਂ ਵਿੱਚ ਲਾਏ ਜਾਣਗੇ। ਸਰਕਾਰੀ ਹਸਪਤਾਲ ਵੈਕਸੀਨ ਦਾ ਨਾਮ ਨਹੀਂ ਦਿਖਾ ਸਕਦੇ ਹਨ।"
Can I download appointment slip?,ਕੀ ਮੈਂ ਅਪਾਇੰਟਮੈਂਟ ਦੀ ਪਰਚੀ ਡਾਊਨਲੋਡ ਕਰ ਸਕਦਾ/ਸਕਦੀ ਹਾਂ?
"Yes, the appointment slip can be downloaded after the appointment has been scheduled.","ਹਾਂ, ਅਪਾਇੰਟਮੈਂਟ ਬੁੱਕ ਹੋ ਜਾਣ ਤੋਂ ਬਾਅਦ ਉਹਦੀ ਪਰਚੀ ਡਾਊਨਲੋਡ ਕੀਤੀ ਜਾ ਸਕਦੀ ਹੈ।"
How can I find the nearest vaccination centre?,ਮੈਂ ਨੇੜਲੇ ਟੀਕਾਕਰਨ ਕੇਂਦਰ ਦਾ ਪਤਾ ਕਿਵੇਂ ਲਾ ਸਕਦਾ/ਸਕਦੀ ਹਾਂ?
Search by PIN,ਪਿੰਨ ਦੁਆਰਾ ਭਾਲ਼ ਕਰੋ
Search by District,ਜਿਲ੍ਹੇ ਦੁਆਰਾ ਭਾਲ਼ ਕਰੋ
You can search in Co-WIN portal (or Aarogya Setu) for the vaccination centre nearest to your location by either searching through PIN code or by choosing the State and the District.,ਟੀਕਾਕਰਨ ਕੇਂਦਰ ਹਰ ਦਿਨ ਸੀਮਤ ਸੰਖਿਆ ਵਿੱਚ ਆਨ-ਸਪਾਟ ਪੰਜੀਕਰਣ ਸਲਾਟ ਪ੍ਰਦਾਨ ਕਰਦੇ ਹਨ। 45 ਸਾਲ ਅਤੇ ਉਸ ਤੋਂ ਵੱਧ ਉਮਰ ਦੇ ਨਾਗਰਿਕ ਆਨਲਾਈਨ ਅਪਾਇੰਟਮੈਂਟ ਪ੍ਰਾਪਤ ਕਰ ਸਕਦੇ ਹਨ ਜਾਂ ਖੁਦ ਟੀਕਾਕਰਨ ਕੇਂਦਰ  ਜਾ ਕੇ ਲੈ ਸਕਦੇ ਹਨ। ਹਾਲਾਂਕਿ 18-44 ਸਾਲ ਦੇ ਨਾਗਰਿਕਾਂ ਨੂੰ ਟੀਕਾਕਰਨ ਕੇਂਦਰ ਜਾਣ ਤੋਂ ਪਹਿਲਾਂ ਲਾਜ਼ਮੀ ਰੂਪ ਵਿੱਚ ਆਪਣਾ ਆਨਲਾਈਨ ਪੰਜੀਕਰਣ ਕਰਾਉਣਾ ਚਾਹੀਦਾ ਹੈ ਅਤੇ ਅਪਾਇੰਟਮੈਂਟ ਹਾਸਲ ਕਰਨੀ ਚਾਹੀਦੀ ਹੈ।
Can I reschedule my appointment?,ਕੀ ਮੈਂ ਆਪਣੀ ਅਪਾਇੰਟਮੈਂਟ ਦੀ ਬੁਕਿੰਗ ਨੂੰ ਅੱਗੇ-ਪਿੱਛੇ ਕਰ ਸਕਦਾ/ਸਕਦੀ ਹਾਂ?
"The appointment can be rescheduled at any time. In case you are not able to go for vaccination on the date of appointment, you can reschedule the appointment by clicking on Ã¢â‚¬Å“RescheduleÃ¢â‚¬Â tab.",ਅਪਾਇੰਟਮੈਂਟ ਕਿਸੇ ਵੀ ਸਮੇਂ ਮੁੜ-ਨਿਰਧਾਰਤ ਕੀਤੀ ਜਾ ਸਕਦੀ ਹੈ। ਜੇਕਰ ਤੁਸੀਂ ਅਪਾਇੰਟਮੈਂਟ ਦੇ ਦਿਨ ਟੀਕਾਕਰਨ ਲਈ ਨਹੀਂ ਜਾ ਸਕਦੇ ਤਾਂ ਤੁਸੀਂ  Ã¢â‚¬Å“ਰਿਸ਼ਡਿਊਲ Ã¢â‚¬Â  ਟੈਬ 'ਤੇ ਕਲਿਕ ਕਰਕੇ ਉਹਨੂੰ ਅੱਗੇ-ਪਿੱਛੇ ਕਰ ਸਕਦੇ ਹੋ।
Do I have an option for cancellation of appointment?,ਕੀ ਮੇਰੇ ਕੋਲ਼ ਅਪਾਇੰਟਮੈਂਟ ਨੂੰ ਰੱਦ ਕਰਨ ਦਾ ਵਿਕਲਪ ਹੈ?
What if I cannot go for vaccination on the date of appointment,"ਜੇਕਰ ਮੈਂ ਅਪਾਇੰਟਮੈਂਟ ਦੇ ਦਿਨ ਟੀਕਾ ਲਵਾਉਣ ਨਹੀਂ ਜਾ ਸਕਿਆ/ਸਕੀ, ਤਾਂ ਮੈਨੂੰ ਕੀ ਕਰਨਾ ਹੋਵੇਗਾ"
"Yes, you can cancel an appointment already scheduled. You can also reschedule the appointment and choose another date or time slot of your convenience.","ਹਾਂ, ਤੁਸੀਂ ਪਹਿਲਾਂ ਤੋਂ ਨਿਰਧਾਰਤ ਅਪਾਇੰਟਮੈਂਟ ਰੱਦ ਕਰ ਸਕਦੇ ਹੋ। ਤੁਸੀਂ ਅਪਾਇੰਟਮੈਂਟ ਨੂੰ ਮੁੜ-ਨਿਰਧਾਰਤ ਵੀ ਕਰ ਸਕਦੇ ਹੋ ਅਤੇ ਆਪਣੀ ਸੁਵਿਧਾ ਅਨੁਸਾਰ ਕੋਈ ਹੋਰ ਤਰੀਕ ਜਾਂ ਸਮਾਂ ਚੁਣ ਸਕਦੇ ਹੋ।"
Where will I receive confirmation of date and time of vaccination?,ਟੀਕਾਕਰਨ ਦੀ ਤਰੀਕ ਅਤੇ ਸਮੇਂ ਦਾ ਪੁਸ਼ਟੀਕਰਣ ਮੈਨੂੰ ਕਿੱਥੋਂ ਮਿਲ਼ੇਗਾ?
"Once an appointment is scheduled, you will receive the details of the vaccination centre, date and time slot chosen for appointment in an SMS sent to your registered mobile number. You can also download the appointment slip and print it or keep it on your smart phone.","ਅਪਾਇੰਟਮੈਂਟ ਨਿਰਧਾਰਤ ਹੋ ਜਾਣ ਬਾਅਦ, ਤੁਹਾਨੂੰ ਆਪਣੇ ਪੰਜੀਕ੍ਰਿਤ ਮੋਬਾਇਲ ਨੰਬਰ 'ਤੇ ਇੱਕ ਐੱਸਐੱਮਐੱਸ ਮਿਲ਼ੇਗਾ ਜਿਸ ਵਿੱਚ ਟੀਕਾਕਰਨ ਕੇਂਦਰ, ਅਪਾਇੰਟਮੈਂਟ ਦੀ ਤਰੀਕ ਅਤੇ ਸਮੇਂ ਦਾ ਵੇਰਵਾ ਦਰਜ ਹੋਵੇਗਾ। ਤੁਸੀਂ ਅਪਾਇੰਟਮੈਂਟ ਦੀ ਪਰਚੀ ਨੂੰ ਡਾਊਨਲੋਡ ਕਰਕੇ ਉਹਦਾ ਪ੍ਰਿੰਟ ਵੀ ਲੈ ਸਕਦੇ ਹੋ ਜਾਂ ਉਹਨੂੰ ਆਪਣੇ ਸਮਾਰਟ ਫੋਨ ਵਿੱਚ ਰੱਖ ਸਕਦੇ ਹੋ।"
Can I get vaccination without appointment?,ਕੀ ਮੈਂ ਅਪਾਇੰਟਮੈਂਟ ਤੋਂ ਬਗੈਰ ਟੀਕਾ ਲਗਵਾ ਸਕਦਾ/ਸਕਦੀ ਹਾਂ?
Citizens aged 45 years and above can schedule appointments online or walk-in to vaccination centres.,45 ਸਾਲ ਅਤੇ ਉਸ ਤੋਂ ਵੱਧ ਉਮਰ ਦੇ ਨਾਗਰਿਕ ਅਪਾਇੰਟਮੈਂਟ ਆਨਲਾਈਨ ਬੁੱਕ ਕਰ ਸਕਦੇ ਹਨ ਜਾਂ ਟੀਕਾਕਰਨ ਕੇਂਦਰ ਜਾ ਕੇ ਬੁੱਕ ਕਰਵਾ ਸਕਦੇ ਹਨ।
"Citizens aged 18-44 years should mandatorily register themselves and schedule appointment online before vaccination.However, all citizens are recommended to register online and schedule vaccination in advance for a hassle-free vaccination experience.","18-44 ਸਾਲ ਦੀ ਉਮਰ ਦੇ ਨਾਗਰਿਕਾਂ ਨੂੰ ਟੀਕਾਕਰਨ ਤੋਂ ਪਹਿਲਾਂ ਲਾਜ਼ਮੀ ਰੂਪ ਨਾਲ਼ ਆਪਣਾ ਪੰਜੀਕਰਣ ਅਤੇ ਆਨਲਾਈਨ ਅਪਾਇੰਟਮੈਂਟ ਬੁੱਕ ਕਰਾਉਣੀ ਹੋਵੇਗੀ। ਹਾਲਾਂਕਿ, ਸਾਰੇ ਨਾਗਰਿਕਾਂ ਨੂੰ ਸੁਝਾਅ ਦਿੱਤਾ ਜਾਂਦਾ ਹੈ ਕਿ ਉਹ ਅਸਾਨੀ ਨਾਲ਼ ਟੀਕਾ ਲਵਾਉਣ ਲਈ ਆਨਲਾਈਨ ਪੰਜੀਕਰਣ ਅਤੇ ਬੁਕਿੰਗ ਕਰਾਉਣ।"
Can I check the price of the vaccine?,ਕੀ ਮੈਂ ਟੀਕੇ ਦੀ ਕੀਮਤ ਚੈੱਕ ਕਰ ਸਕਦਾ/ਸਕਦੀ ਹਾਂ
Yes. The System will show the price of the vaccine below the name of the vaccination centre at the time of scheduling an appointment.,ਜੀ ਹਾਂ। ਅਪਾਇੰਟਮੈਂਟ ਲੈਂਦੇ ਸਮੇਂ ਸਿਸਟਮ ਟੀਕਾਕਰਨ ਕੇਂਦਰ ਦੇ ਨਾਮ ਹੇਠ ਟੀਕੇ ਦੀ ਕੀਮਤ ਦਿਖਾਏਗਾ।
Can I choose the vaccine?,ਕੀ ਮੈਂ ਟੀਕਾ ਚੁਣ ਸਕਦਾ/ਸਕਦੀ ਹਾਂ?
"System will show the vaccine being administered in each vaccination centre at the time of scheduling an appointment. Citizen can choose the vaccination centre as per their choice of vaccine being administered However, the choice will not be available at the Government facilities .","ਅਪਾਇੰਟਮੈਂਟ ਲੈਂਦੇ ਵੇਲ਼ੇ ਸਿਸਟਮ ਹਰੇਕ ਟੀਕਾਕਰਨ ਕੇਂਦਰ ਵਿੱਚ ਲਗਾਏ ਜਾ ਰਹੇ ਟੀਕੇ ਨੂੰ ਦਿਖਾਵੇਗਾ। ਨਾਗਰਿਕ ਆਪਣੀ ਪਸੰਦ ਦੇ ਟੀਕੇ ਅਨੁਸਾਰ ਟੀਕਾਕਰਨ ਕੇਂਦਰ ਦੀ ਚੋਣ ਕਰ ਸਕਦੇ ਹਨ। ਹਾਲਾਂਕਿ, ਸਰਕਾਰੀ ਹਸਪਤਾਲਾਂ ਵਿੱਚ ਇਹ ਵਿਕਲਪ ਮੌਜੂਦ ਨਹੀਂ ਹੋਵੇਗਾ।"
What precautions should I take at the time of 2nd dose vaccination?,ਟੀਕੇ ਦੀ ਦੂਸਰੀ ਖ਼ੁਰਾਕ ਲੈਂਦੇ ਸਮੇਂ ਮੈਨੂੰ ਕਿਹੜੀਆਂ ਸਾਵਧਾਨੀਆਂ ਵਰਤਣੀਆਂ ਚਾਹੀਦੀਆਂ ਹਨ?
"The Vaccination Centres have been directed to ensure that if a citizen is being vaccinated with 2nd dose, they should confirm that the first dose vaccination was done with the same vaccine as is being offered at the time of second dose and that the first dose was administered more than 28 days ago. You should share the correct information about the vaccine type and the date of 1st dose vaccination with the vaccinator. You should carry your vaccine certificate issued after the first dose.",ਟੀਕਾਕਰਨ ਕੇਂਦਰਾਂ ਨੂੰ ਇਹ ਯਕੀਨੀ ਬਣਾਉਣ ਦੇ ਨਿਰਦੇਸ਼ ਦਿੱਤੇ ਗਏ ਹਨ ਕਿ ਜੇਕਰ ਕਿਸੇ ਨਾਗਰਿਕ ਨੂੰ ਦੂਸਰੀ ਖ਼ੁਰਾਕ ਦਾ ਟੀਕਾ ਲਗਾਇਆ ਜਾ ਰਿਹਾ ਹੋਵੇ ਤਾਂ ਉਨ੍ਹਾਂ ਨੂੰ ਇਹ ਪੁਸ਼ਟੀ ਕਰਨੀ ਚਾਹੀਦੀ ਹੈ ਕਿ ਪਹਿਲੀ ਖ਼ੁਰਾਕ ਦਾ ਟੀਕਾਕਰਨ ਉਸੇ ਟੀਕੇ ਦੇ ਨਾਲ਼ ਕੀਤਾ ਗਿਆ ਸੀ ਜੋ ਦੂਸਰੀ ਖ਼ੁਰਾਕ ਦੇ ਸਮੇਂ ਦਿੱਤਾ ਜਾ ਰਿਹਾ ਹੈ ਅਤੇ ਪਹਿਲੀ ਖ਼ੁਰਾਕ 28 ਦਿਨਾਂ ਤੋਂ ਵੱਧ ਸਮੇਂ ਪਹਿਲਾਂ ਦਿੱਤੀ ਗਈ ਸੀ। ਤੁਹਾਨੂੰ ਟੀਕਾ-ਪ੍ਰਦਾਤਾ ਦੇ ਨਾਲ਼ ਟੀਕੇ ਦੀ ਕਿਸਮ ਅਤੇ ਟੀਕੇ ਦੀ ਪਹਿਲੀ ਖ਼ੁਰਾਕ ਲੈਣ ਦੀ ਮਿਤੀ ਦੇ ਬਾਰੇ ਸਹੀ ਜਾਣਕਾਰੀ ਸਾਂਝੀ ਕਰਨੀ ਚਾਹੀਦੀ ਹੈ। ਤੁਹਾਨੂੰ ਪਹਿਲੀ ਖ਼ੁਰਾਕ ਤੋਂ ਬਾਦ ਜਾਰੀ ਕੀਤਾ ਗਿਆ ਆਪਣਾ ਟੀਕਾ ਪ੍ਰਮਾਣਪੱਤਰ ਨਾਲ਼ ਰੱਖਣਾ ਚਾਹੀਦਾ ਹੈ।
Can I get vaccinated with 2nd dose in a different State/District?,ਕੀ ਮੈਂ ਦੂਸਰੇ ਰਾਜ/ਜਿਲ੍ਹੇ ਵਿੱਚ ਟੀਕੇ ਦੀ ਦੂਸਰੀ ਖ਼ੁਰਾਕ ਲੈ ਸਕਦਾ/ਸਕਦੀ ਹਾਂ?
"Yes, you can get vaccinated in any State/District. The only restriction is that you will be able to get vaccinated only on those centres which are offering the same vaccine as was administered to you on your first dose.","ਹਾਂ, ਤੁਸੀਂ ਕਿਸੇ ਵੀ ਰਾਜ/ਜਿਲ੍ਹੇ ਵਿੱਚ ਟੀਕਾ ਲਗਵਾ ਸਕਦੇ ਹੋ। ਪਾਬੰਦੀ ਸਿਰਫ਼ ਇਹੀ ਹੈ ਕਿ ਤੁਸੀਂ ਸਿਰਫ਼ ਉਨ੍ਹਾਂ ਕੇਂਦਰਾਂ 'ਤੇ ਟੀਕਾ ਲਗਵਾ ਸਕਦੇ ਹੋ ਜੋ ਉਹੀ ਟੀਕਾ ਦੇ ਰਹੇ ਹੋਣ ਜੋ ਤੁਸਾਂ ਪਹਿਲੀ ਖ਼ੁਰਾਕ ਸਮੇਂ ਲਿਆ ਸੀ।"
Which documents should I carry with me for vaccination?,ਟੀਕਾਕਰਨ ਲਈ ਮੈਨੂੰ ਆਪਣੇ ਨਾਲ਼ ਕਿਹੜਾ ਦਸਤਾਵੇਜ ਲੈ ਜਾਣਾ ਚਾਹੀਦਾ ਹੈ?
You should carry your identity proof specified by you at the time of registration on the Co-WIN portal and a printout/screenshot of your appointment slip.,ਤੁਹਾਨੂੰ Co-WIN ਪੋਰਟਲ 'ਤੇ ਪੰਜੀਕਰਣ ਦੇ ਸਮੇਂ ਆਪਣੀ ਪਛਾਣ ਦੇ ਪ੍ਰਮਾਣ ਵਜੋਂ ਦਿੱਤੇ ਗਏ ਦਸਤਾਵੇਜ ਅਤੇ ਆਪਣੀ ਅਪਾਇੰਟਮੈਂਟ ਦੀ ਪਰਚੀ ਦਾ ਪ੍ਰਿੰਟਆਉਟ/ਸਕਰੀਨਸ਼ਾਟ ਆਪਣੇ ਨਾਲ਼ ਲਿਜਾਣਾ ਚਾਹੀਦਾ ਹੈ।
"I have registered myself on Co-Win portal. However, I am not able to make any booking as I do not see any vaccination facility near my location?","ਮੈਂ Co-Win ਪੋਰਟਲ 'ਤੇ ਆਪਣਾ ਪੰਜੀਕਰਣ ਕਰਾ ਲਿਆ ਹੈ। ਪਰ, ਮੈਂ ਕੋਈ ਬੁਕਿੰਗ ਨਹੀਂ ਕਰ ਪਾ ਰਿਹਾ/ਰਹੀ ਹਾਂ ਕਿਉਂਕਿ ਮੈਨੂੰ ਆਪਣੇ ਘਰ ਦੇ ਆਸਪਾਸ ਕੋਈ ਟੀਕਾਕਰਨ ਕੇਂਦਰ ਨਹੀਂ ਦਿੱਸ ਰਿਹਾ ਹੈ?"
"What should I do?  Yes, it is possible that no facility near your place has published their vaccination program as yet. You may wait for some time till vaccination facilities near your place are onboarded on Co-Win platform, become active and start their services.","ਮੈਨੂੰ ਕੀ ਕਰਨਾ ਚਾਹੀਦਾ ਹੈ? ਹਾਂ, ਇਹ ਸੰਭਵ ਹੈ ਕਿ ਤੁਹਾਡੇ ਘਰ ਦੇ ਆਸਪਾਸ ਮੌਜੂਦ ਕਿਸੇ ਵੀ ਕੇਂਦਰ ਨੇ ਅਜੇ ਤੱਕ ਆਪਣਾ ਟੀਕਾਕਰਨ ਪ੍ਰੋਗਰਾਮ ਪ੍ਰਕਾਸ਼ਤ ਨਾ ਕੀਤਾ ਹੋਵੇ। ਤੁਹਾਡੇ ਘਰ ਦਾ ਨੇੜਲਾ ਟੀਕਾਕਰਨ ਕੇਂਦਰ ਜਦੋਂ ਤੱਕ Co-Win ਪਲੇਟਫਾਰਮ ਨਾਲ਼ ਜੁੜ ਨਹੀਂ ਜਾਂਦਾ, ਕਿਰਿਆਸ਼ੀਲ ਨਹੀਂ ਹੋ ਜਾਂਦਾ ਅਤੇ ਆਪਣੀਆਂ ਸੇਵਾਵਾਂ ਸ਼ੁਰੂ ਨਹੀਂ ਕਰ ਦਿੰਦਾ, ਉਦੋਂ ਤੱਕ ਤੁਸੀਂ ਉਡੀਕ ਕਰ ਸਕਦੇ ਹੋ।"
C. 2nd dose scheduling,C. ਦੂਸਰੀ ਖ਼ੁਰਾਕ ਦੀ ਤਰੀਕ ਤੈਅ ਕਰਨਾ
Is it necessary to take 2nd dose of vaccination?,ਕੀ ਟੀਕੇ ਦੀ ਦੂਸਰੀ ਖ਼ੁਰਾਕ ਲੈਣ ਲਾਜ਼ਮੀ ਹੈ?
Yes. It is recommended that both doses of vaccine should be taken for realising the full benefit of vaccination. Both doses must be of the same vaccine type.,ਹਾਂ। ਇਹ ਸੁਝਾਅ ਦਿੱਤਾ ਜਾਂਦਾ ਹੈ ਕਿ ਟੀਕਾਕਰਨ ਤੋਂ ਪੂਰੀ ਤਰ੍ਹਾਂ ਲਾਹਾ ਚੁੱਕਣ ਲਈ ਟੀਕੇ ਦੀਆਂ ਦੋਵੇਂ ਖ਼ੁਰਾਕਾਂ ਲੈਣੀਆਂ ਜ਼ਰੂਰੀ ਹਨ। ਦੋਵੇਂ ਖ਼ੁਰਾਕਾਂ ਇੱਕ ਹੀ ਤਰ੍ਹਾਂ ਦੇ ਟੀਕੇ ਦੀਆਂ ਹੋਣੀਆਂ ਚਾਹੀਦੀਆਂ ਹਨ।
It is recommended that the 2nd dose of COVAXIN should be administered in the interval of 4 to 6 weeks from the date of 1st dose administration. For COVISHIELD the recommended interval is 4 to 8 weeks while an interval of 6 to 8 weeks gives an enhanced protection. You may choose the date of 2nd dose vaccination as per your convenience.,"ਸੁਝਾਅ ਦਿੱਤਾ ਜਾਂਦਾ ਹੈ ਕਿ COVAXIN ਦੀ ਦੂਸਰੀ ਖ਼ੁਰਾਕ, ਪਹਿਲੀ ਖ਼ੁਰਾਕ ਲੈਣ ਦੀ ਤਰੀਖ ਤੋਂ 4 ਤੋਂ 6 ਹਫ਼ਤੇ ਦੇ ਵਕਫੇ 'ਤੇ ਲਈ ਜਾਣੀ ਚਾਹੀਦਾ ਹੈ। COVISHIELD ਲਈ ਇਹ ਵਕਫਾ 4 ਤੋਂ 8 ਹਫਤਿਆਂ ਦਾ ਹੈ ਜਦੋਂ ਕਿ 6 ਤੋਂ 8 ਹਫ਼ਤਿਆਂ ਦਾ ਵਕਫਾ ਬੇਹਤਰ ਸੁਰੱਖਿਆ ਪ੍ਰਦਾਨ ਕਰਦਾ ਹੈ। ਤੁਸੀਂ ਆਪਣੀ ਸੁਵਿਧਾ ਅਨੁਸਾਰ ਦੂਸਰੀ ਖ਼ੁਰਾਕ ਦੇ ਟੀਕਾਕਰਨ ਦੀ ਤਰੀਕ ਚੁਣ ਸਕਦੇ ਹੋ।"
Will my 2nd dose appointment be automatically scheduled by Co-WIN system?,ਕੀ ਮੇਰੀ ਦੂਸਰੀ ਖ਼ੁਰਾਕ ਦੀ ਅਪਾਇੰਟਮੈਂਟ  Co-WIN ਸਿਸਟਮ ਦੁਆਰਾ ਆਪਣੇ ਆਪ ਤੈਅ ਕਰ ਦਿੱਤੀ ਜਾਵੇਗੀ?
No. You have to take an appointment for the 2nd dose vaccination. The Co-WIN system will help you book an appointment in a Vaccination Centre where the same vaccine is being administered as the vaccine type (COVAXIN or COVISHIELD) of the 1st dose.,"ਨਹੀਂ, ਤੁਹਾਨੂੰ ਟੀਕੇ ਦੀ ਦੂਸਰੀ ਖ਼ੁਰਾਕ ਲਈ ਅਪਾਇੰਟਮੈਂਟ ਲੈਣੀ ਹੋਵੇਗੀ।  Co-WIN ਸਿਸਟਮ ਤੁਹਾਨੂੰ ਉਸ ਟੀਕਾਕਰਨ ਕੇਂਦਰ ਵਿੱਚ ਅਪਾਇੰਟਮੈਂਟ ਬੁੱਕ ਕਰਾਉਣ ਵਿੱਚ ਮਦਦ ਕਰੇਗਾ, ਜਿੱਥੇ ਉਹੀ ਟੀਕਾ (COVAXIN ਜਾਂ COVISHIELD) ਲਗਾਇਆ ਜਾ ਰਿਹਾ ਹੋਵੇ ਜੋ ਤੁਸੀਂ ਪਹਿਲੀ ਖ਼ੁਰਾਕ ਦੇ ਸਮੇਂ ਲਿਆ ਸੀ।  "
Whom can I contact if I have some problems related to my online registration of appointment?,"ਜੇਕਰ, ਮੈਨੂੰ ਅਪਾਇੰਟਮੈਂਟ ਦੇ ਆਨਲਾਈਨ ਪੰਜੀਕਰਣ ਨਾਲ਼ ਜੁੜੀਆਂ ਕੁਝ ਸਮੱਸਿਆਵਾਂ ਹੋਣ ਤਾਂ ਮੈਂ ਕਿਸ ਨਾਲ਼ ਸੰਪਰਕ ਕਰ ਸਕਦਾ/ਸਕਦੀ ਹਾਂ?"
You can call on the national helpline â€˜1075â€™ for information and guidance on COVID-19 vaccination and Co-WIN software related queries.,ਤੁਸੀਂ ਕੋਵਿਡ-19 ਟੀਕਾਕਰਨ ਅਤੇ Co-WIN ਸਾਫਟਵੇਅਰ ਸਬੰਧੀ ਸਵਾਲਾਂ ਬਾਰੇ ਜਾਣਕਾਰੀ ਅਤੇ ਮਾਰਗਦਰਸ਼ਨ ਲਈ ਰਾਸ਼ਟਰੀ ਹੈਲਪਲਾਈਨ ਨੰਬਰ  Ã¢â‚¬Ëœ1075Ã¢â‚¬â„¢ 'ਤੇ ਸੰਪਰਕ ਕਰ ਸਕਦੇ ਹੋ।
Scheduling Appointment,ਅਪਾਇੰਟਮੈਂਟ ਦੀ ਤਰੀਕ ਤੈਅ ਕਰਨਾ
Can I book an appointment for vaccination in the Co-WIN portal?,ਕੀ ਮੈਂ Co-WIN ਪੋਰਟਲ 'ਤੇ ਟੀਕਾਕਰਨ ਲਈ ਅਪਾਇੰਟਮੈਂਟ ਬੁੱਕ ਕਰ ਸਕਦਾ/ਸਕਦੀ ਹਾਂ?
"Yes, you can book appointment for vaccination through Co-WIN portal after logging-in to the Co-WIN Portal through your registered mobile number. The system will show vaccination centres that allow vaccination as per the age of the citizen entered in the registration portal.","ਹਾਂ, ਤੁਸੀਂ ਆਪਣੇ ਪੰਜੀਕ੍ਰਿਤ ਮੋਬਾਇਲ ਨੰਬਰ ਰਾਹੀਂ Co-WIN ਪੋਰਟਲ 'ਤੇ ਲਾਗ-ਇੰਨ ਕਰਨ ਤੋਂ ਬਾਦ 'ਤੇ ਪੋਰਟਲ ਜ਼ਰੀਏ ਟੀਕਾਕਰਨ ਲਈ ਅਪਾਇੰਟਮੈਂਟ ਬੁੱਕ ਕਰ ਸਕਦੇ ਹੋ। ਸਿਸਟਮ ਉਨ੍ਹਾਂ ਟੀਕਾਕਰਨ ਕੇਂਦਰਾਂ ਨੂੰ ਦਿਖਾਏਗਾ ਜੋ ਪੰਜੀਕਰਣ ਪੋਰਟਲ ਵਿੱਚ ਦਰਜ਼ ਨਾਗਰਿਕ ਦੀ ਉਮਰ ਅਨੁਸਾਰ ਟੀਕਾਕਰਨ ਦੀ ਆਗਿਆ ਦਿੰਦੇ ਹਨ।"
What are the options if one citizen is aged 45 or above and other is aged 18 or above?,ਜੇਕਰ ਇੱਕ ਨਾਗਰਿਕ ਦੀ ਉਮਰ 45 ਸਾਲ ਜਾਂ ਉਸ ਤੋਂ ਵੱਧ ਅਤੇ ਦੂਸਰੇ ਦੀ ਉਮਰ 18 ਸਾਲ ਜਾਂ ਉਸ ਤੋਂ ਵੱਧ ਹੈ ਤਦ ਕੀ ਵਿਕਲਪ ਹੈ?
"If one citizen is aged 45 or above and other citizen is aged 18 to 44 years and both want to schedule a combined appointment, then only private paid vaccination centres or vaccination centres as per StateÃ¢â‚¬â„¢s policy will be made available. However, it may happen that some hospitals which are catering to people with 45 years or more may not allow the booking of appointments for people with lesser age. In that case you may make bookings one by one.","ਜੇਕਰ ਇੱਕ ਨਾਗਰਿਕ ਦੀ ਉਮਰ 45 ਸਾਲ ਜਾਂ ਉਸ ਤੋਂ ਵੱਧ ਅਤੇ ਦੂਸਰੇ ਦੀ ਉਮਰ 18 ਤੋਂ 44 ਸਾਲ ਦੇ ਵਿਚਕਾਰ ਹੈ ਅਤੇ ਦੋਵੇਂ ਇਕੱਠਿਆਂ ਅਪਾਇੰਟਮੈਂਟ ਬੁੱਕ ਕਰਾਉਣਾ ਚਾਹੁੰਦੇ ਹਨ, ਤਦ ਸਿਰਫ਼ ਨਿੱਜੀ ਭੁਗਤਾਨ ਵਾਲ਼ੇ ਟੀਕਾਕਰਨ ਕੇਂਦਰ ਜਾਂ ਰਾਜ ਦੀ ਨੀਤੀ ਅਨੁਸਾਰ ਬਣਾਏ ਗਏ ਟੀਕਾਕਰਨ ਕੇਂਦਰ ਹੀ ਉਪਲਬਧ ਕਰਾਏ ਜਾਣਗੇ। ਹਾਲਾਂਕਿ, ਇੰਝ ਹੋ ਸਕਦਾ ਹੈ ਕਿ ਕੁਝ ਹਸਪਤਾਲ ਜੋ 45 ਸਾਲ ਜਾਂ ਇਸ ਤੋਂ ਵੱਧ ਉਮਰ ਦੇ ਲੋਕਾਂ ਨੂੰ ਟੀਕਾ ਲਾ ਰਹੇ ਹਨ, ਉਹ ਘੱਟ ਉਮਰ ਦੇ ਲੋਕਾਂ ਨੂੰ ਅਪਾਇੰਟਮੈਂਟ ਬੁੱਕ ਕਰਾਉਣ ਦੀ ਆਗਿਆ ਨਾ ਦੇਣ। ਅਜਿਹੀ ਹਾਲਤ ਵਿੱਚ ਤੁਸੀਂ ਇੱਕ-ਇੱਕ ਕਰਕੇ ਬੁਕਿੰਗ ਕਰਾ ਸਕਦੇ ਹੋ।"
Can I check the vaccine being administered at each vaccination centre?,ਕੀ ਮੈਂ ਹਰੇਕ ਟੀਕਾਕਰਨ ਕੇਂਦਰ ਵਿੱਚ ਲਾਏ ਜਾ ਰਹੇ ਟੀਕੇ ਨੂੰ ਚੈਕ ਕਰ ਸਕਦਾ/ਸਕਦੀ ਹਾਂ?
"Yes, while scheduling an appointment for vaccination, the system will show vaccination centre names along with the name of the vaccine that will be administered in case of private hospitals. Government hospitals may not show the name of the vaccine.","ਹਾਂ, ਟੀਕਾਕਰਨ ਲਈ ਅਪਾਇੰਟਮੈਂਟ ਬੁੱਕ ਕਰਾਉਂਦੇ ਸਮੇਂ, ਸਿਸਟਮ ਟੀਕਾਕਰਨ ਕੇਂਦਰ ਦੇ ਨਾਂਅ ਦੇ ਨਾਲ਼-ਨਾਲ਼ ਵੈਕਸੀਨ ਦੇ ਨਾਮ ਵੀ ਦਿਖਾਏਗਾ ਜੋ ਨਿੱਜੀ ਹਸਪਤਾਲਾਂ ਵਿੱਚ ਲਾਏ ਜਾਣਗੇ। ਸਰਕਾਰੀ ਹਸਪਤਾਲ ਵੈਕਸੀਨ ਦਾ ਨਾਮ ਨਹੀਂ ਦਿਖਾ ਸਕਦੇ ਹਨ।"
Can I download appointment slip?,ਕੀ ਮੈਂ ਅਪਾਇੰਟਮੈਂਟ ਦੀ ਪਰਚੀ ਡਾਊਨਲੋਡ ਕਰ ਸਕਦਾ/ਸਕਦੀ ਹਾਂ?
"Yes, the appointment slip can be downloaded after the appointment has been scheduled.","ਹਾਂ, ਅਪਾਇੰਟਮੈਂਟ ਬੁੱਕ ਹੋ ਜਾਣ ਤੋਂ ਬਾਅਦ ਉਹਦੀ ਪਰਚੀ ਡਾਊਨਲੋਡ ਕੀਤੀ ਜਾ ਸਕਦੀ ਹੈ।"
How can I find the nearest vaccination centre?,ਮੈਂ ਨੇੜਲੇ ਟੀਕਾਕਰਨ ਕੇਂਦਰ ਦਾ ਪਤਾ ਕਿਵੇਂ ਲਾ ਸਕਦਾ/ਸਕਦੀ ਹਾਂ?
You can search in Co-WIN portal (or Aarogya Setu) for the vaccination centre nearest to your location by either searching through PIN code or by choosing the State and the District.,ਤੁਸੀਂ Co-WIN ਪੋਰਟਰ (ਜਾਂ ਅਰੋਗਯ ਸੇਤੂ) 'ਤੇ ਜਾਂ ਤਾਂ ਪਿੰਨ ਕੋਡ ਦੁਆਰਾ ਭਾਲ਼ ਕਰੋ ਜਾਂ ਰਾਜ ਅਤੇ ਜਿਲ੍ਹੇ ਦੀ ਚੋਣ ਕਰਕੇ ਆਪਣੇ ਘਰ ਦੇ ਨੇੜਲੇ ਟੀਕਾਕਰਨ ਕੇਂਦਰ ਦਾ ਪਤਾ ਲਗਾ ਸਕਦੇ ਹੋ।
Can I reschedule my appointment?,ਕੀ ਮੈਂ ਆਪਣੀ ਅਪਾਇੰਟਮੈਂਟ ਦੀ ਬੁਕਿੰਗ ਨੂੰ ਅੱਗੇ-ਪਿੱਛੇ ਕਰ ਸਕਦਾ/ਸਕਦੀ ਹਾਂ?
"The appointment can be rescheduled at any time. In case you are not able to go for vaccination on the date of appointment, you can reschedule the appointment by clicking on â€œRescheduleâ€ tab.",ਅਪਾਇੰਟਮੈਂਟ ਕਿਸੇ ਵੀ ਸਮੇਂ ਮੁੜ-ਨਿਰਧਾਰਤ ਕੀਤੀ ਜਾ ਸਕਦੀ ਹੈ। ਜੇਕਰ ਤੁਸੀਂ ਅਪਾਇੰਟਮੈਂਟ ਦੇ ਦਿਨ ਟੀਕਾਕਰਨ ਲਈ ਨਹੀਂ ਜਾ ਸਕਦੇ ਤਾਂ ਤੁਸੀਂ  Ã¢â‚¬Å“ ਰਿਸ਼ਡਿਊਲ Ã¢â‚¬Â  ਟੈਬ 'ਤੇ ਕਲਿਕ ਕਰਕੇ ਉਹਨੂੰ ਅੱਗੇ-ਪਿੱਛੇ ਕਰ ਸਕਦੇ ਹੋ।
Do I have an option for cancellation of appointment?,ਕੀ ਮੇਰੇ ਕੋਲ਼ ਅਪਾਇੰਟਮੈਂਟ ਨੂੰ ਰੱਦ ਕਰਨ ਦਾ ਵਿਕਲਪ ਹੈ?
"Yes, you can cancel an appointment already scheduled. You can also reschedule the appointment and choose another date or time slot of your convenience.","ਹਾਂ, ਤੁਸੀਂ ਪਹਿਲਾਂ ਤੋਂ ਨਿਰਧਾਰਤ ਅਪਾਇੰਟਮੈਂਟ ਰੱਦ ਕਰ ਸਕਦੇ ਹੋ। ਤੁਸੀਂ ਅਪਾਇੰਟਮੈਂਟ ਨੂੰ ਮੁੜ-ਨਿਰਧਾਰਤ ਵੀ ਕਰ ਸਕਦੇ ਹੋ ਅਤੇ ਆਪਣੀ ਸੁਵਿਧਾ ਅਨੁਸਾਰ ਕੋਈ ਹੋਰ ਤਰੀਕ ਜਾਂ ਸਮਾਂ ਚੁਣ ਸਕਦੇ ਹੋ।"
Where will I receive confirmation of date and time of vaccination?,ਟੀਕਾਕਰਨ ਦੀ ਤਰੀਕ ਅਤੇ ਸਮੇਂ ਦਾ ਪੁਸ਼ਟੀਕਰਣ ਮੈਨੂੰ ਕਿੱਥੋਂ ਮਿਲ਼ੇਗਾ?
"Once an appointment is scheduled, you will receive the details of the vaccination centre, date and time slot chosen for appointment in an SMS sent to your registered mobile number. You can also download the appointment slip and print it or keep it on your smart phone.","ਅਪਾਇੰਟਮੈਂਟ ਨਿਰਧਾਰਤ ਹੋ ਜਾਣ ਬਾਅਦ, ਤੁਹਾਨੂੰ ਆਪਣੇ ਪੰਜੀਕ੍ਰਿਤ ਮੋਬਾਇਲ ਨੰਬਰ 'ਤੇ ਇੱਕ ਐੱਸਐੱਮਐੱਸ ਮਿਲ਼ੇਗਾ ਜਿਸ ਵਿੱਚ ਟੀਕਾਕਰਨ ਕੇਂਦਰ, ਅਪਾਇੰਟਮੈਂਟ ਦੀ ਤਰੀਕ ਅਤੇ ਸਮੇਂ ਦਾ ਵੇਰਵਾ ਦਰਜ ਹੋਵੇਗਾ। ਤੁਸੀਂ ਅਪਾਇੰਟਮੈਂਟ ਦੀ ਪਰਚੀ ਨੂੰ ਡਾਊਨਲੋਡ ਕਰਕੇ ਉਹਦਾ ਪ੍ਰਿੰਟ ਵੀ ਲੈ ਸਕਦੇ ਹੋ ਜਾਂ ਉਹਨੂੰ ਆਪਣੇ ਸਮਾਰਟ ਫੋਨ ਵਿੱਚ ਰੱਖ ਸਕਦੇ ਹੋ।"
Can I get vaccination without appointment?,ਕੀ ਮੈਂ ਅਪਾਇੰਟਮੈਂਟ ਦੇ ਬਗੈਰ ਟੀਕਾ ਲਗਵਾ ਸਕਦਾ/ਸਕਦੀ ਹਾਂ?
"Citizens aged 45 years and above can schedule appointments online or walk-in to vaccination centres. Citizens aged 18-44 years should mandatorily register themselves and schedule appointment online before vaccination. However, all citizens are recommended to register online and schedule vaccination in advance for a hassle-free vaccination experience.","45 ਸਾਲ ਅਤੇ ਉਸ ਤੋਂ ਵੱਧ ਉਮਰ ਦੇ ਨਾਗਰਿਕ ਅਪਾਇੰਟਮੈਂਟ ਆਨਲਾਈਨ ਬੁੱਕ ਕਰ ਸਕਦੇ ਹਨ ਜਾਂ ਟੀਕਾਕਰਨ ਕੇਂਦਰ ਜਾ ਕੇ ਬੁੱਕ ਕਰਵਾ ਸਕਦੇ ਹਨ। 18-44 ਸਾਲ ਦੀ ਉਮਰ ਦੇ ਨਾਗਰਿਕਾਂ ਨੂੰ ਟੀਕਾਕਰਨ ਤੋਂ ਪਹਿਲਾਂ ਲਾਜ਼ਮੀ ਤੌਰ 'ਤੇ ਆਪਣਾ ਪੰਜੀਕਰਣ ਅਤੇ ਆਨਲਾਈਨ ਅਪਾਇੰਟਮੈਂਟ ਬੁੱਕ ਕਰਾਉਣੀ ਹੋਵੇਗੀ। ਹਾਲਾਂਕਿ, ਸਾਰੇ ਨਾਗਰਿਕਾਂ ਨੂੰ ਸੁਝਾਅ ਦਿੱਤਾ ਜਾਂਦਾ ਹੈ ਕਿ ਉਹ ਅਸਾਨੀ ਨਾਲ਼ ਟੀਕਾ ਲਵਾਉਣ ਲਈ ਆਨਲਾਈਨ ਪੰਜੀਕਰਣ ਅਤੇ ਬੁਕਿੰਗ ਕਰਾਉਣ।"
Citizens aged 18-44 years should mandatorily register themselves and schedule appointment online before vaccination,18-44 ਸਾਲ ਦੀ ਉਮਰ ਦੇ ਨਾਗਰਿਕਾਂ ਨੂੰ ਟੀਕਾਕਰਨ ਤੋਂ ਪਹਿਲਾਂ ਲਾਜ਼ਮੀ ਰੂਪ ਨਾਲ਼ ਆਪਣਾ ਪੰਜੀਕਰਣ ਅਤੇ ਆਨਲਾਈਨ ਅਪਾਇੰਟਮੈਂਟ ਬੁੱਕ ਕਰਾਉਣੀ ਹੋਵੇਗੀ। 
"However, all citizens are recommended to register online and schedule vaccination in advance for a hassle-free vaccination experience.","ਹਾਲਾਂਕਿ, ਸਾਰੇ ਨਾਗਰਿਕਾਂ ਨੂੰ ਸੁਝਾਅ ਦਿੱਤਾ ਜਾਂਦਾ ਹੈ ਕਿ ਉਹ ਅਸਾਨੀ ਨਾਲ਼ ਟੀਕਾ ਲਵਾਉਣ ਲਈ ਆਨਲਾਈਨ ਪੰਜੀਕਰਣ ਅਤੇ ਬੁਕਿੰਗ ਕਰਾਉਣ।"
Ministry of Health and Family Welfare,ਸਿਹਤ ਅਤੇ ਪਰਿਵਾਰ ਕਲਿਆਣ ਮੰਤਰਾਲਾ
Register/ Sign In yourself,ਆਪਣਾ ਪੰਜੀਕਰਣ ਕਰਾਓ/ਸਾਈਨ ਇੰਨ ਕਰੋ
Check your nearest vaccination center and slots availability,ਆਪਣੇ ਨੇੜਲੇ ਟੀਕਾਕਰਨ ਕੇਂਦਰ ਅਤੇ ਸਲਾਟ ਦੀ ਉਪਲਬਧਤਾ ਚੈੱਕ ਕਰੋ
Search,ਭਾਲੋ
View full report,ਪੂਰੀ ਰਿਪੋਰਟ ਦੇਖੋ
How it Works,ਇਹ ਕਿਵੇਂ ਕੰਮ ਕਰਦਾ ਹੈ
Choose Vaccine LocationSelect your nearby Vaccine Center for vaccination,ਵੈਕਸੀਨ ਦਾ ਸਥਾਨ ਚੁਣੋ ਟੀਕਾਕਰਨ ਲਈ ਆਪਣੇ ਨੇੜਲੇ ਵੈਕਸੀਨ ਕੇਂਦਰ ਦੀ ਚੋਣ ਕਰੋ
Confirm your SlotBook your slot to Get Vaccine,ਆਪਣੇ ਸਲਾਟ ਦੀ ਪੁਸ਼ਟੀ ਕਰੋ ਵੈਕਸੀਨ ਪ੍ਰਾਪਤ ਕਰਨ ਲਈ ਆਪਣਾ ਸਲਾਟ ਬੁੱਕ ਕਰੋ
Any Question? Please follow our Frequently asked questions (FAQ),ਤੁਹਾਡਾ ਕੋਈ ਸਵਾਲ ਹੈ? ਕ੍ਰਿਪਾ ਸਾਡੇ ਅਕਸਰ ਪੁੱਛੇ ਜਾਣ ਵਾਲ਼ੇ ਪ੍ਰਸ਼ਨਾਂ (ਐੱਫਏਕਯੂ) ਨੂੰ ਦੇਖੋ
Know how to book your appointment Dos and Don'ts,ਆਪਣੀ ਅਪਾਇੰਟਮੈਂਟ ਬੁੱਕ ਕਰਾਉਣ ਬਾਰੇ ਜਾਣੋ ਕਿ ਕੀ ਕਰੀਏ ਅਤੇ ਕੀ ਨਾ ਕਰੀਏ
Know how to book your appointment,ਆਪਣੀ ਅਪਾਇੰਟਮੈਂਟ ਬੁੱਕ ਕਰਾਉਣ ਬਾਰੇ ਜਾਣੋ ਕਿ 
Dos and Don'ts,ਕੀ ਕਰੀਏ ਅਤੇ ਕੀ ਨਾ ਕਰੀਏ
Our Partners,ਸਾਡੇ ਸਹਿਯੋਗੀ
Co-WIN Support Desk- We're online  Send Transcriptions  End Chat,Co-WIN ਸਹਾਇਤਾ ਡੈਕਸ- ਅਸੀਂ ਆਨਲਾਈਨ ਹਾਂ ਪ੍ਰਤੀਲਿਪੀ ਭੇਜੋ ਚੈਟ ਖ਼ਤਮ ਕਰੋ
Co-WIN Support Desk- We're online,Co-WIN ਸਹਾਇਤਾ ਡੈਕਸ- ਅਸੀਂ ਆਨਲਾਈਨ ਹਾਂ
Send Transcriptions  End Chat,ਪ੍ਰਤੀਲਿਪੀ ਭੇਜੋ ਚੈਟ ਖ਼ਤਮ ਕਰੋ
Send Transcriptions  End Chat,ਪ੍ਰਤੀਲਿਪੀ ਭੇਜੋ ਚੈਟ ਖ਼ਤਮ ਕਰੋ
Start Chat,ਚੈਟ ਸ਼ੁਰੂ ਕਰੋ
"Monday, 1:27 PMWelcome to CoWin Helpdesk, if you need help simply reply to this message, we are online and ready to help.","ਸੋਮਵਾਰ, 1:27 ਬਾਅਦ ਦੁਪਹਿਰ  CoWin  ਹੈਲਪਡੈਸਕ ਵਿੱਚ ਤੁਹਾਡਾ ਸਵਾਗਤ ਹੈ, ਜੇਕਰ ਤੁਹਾਨੂੰ ਸਹਾਇਤਾ ਦੀ ਲੋੜ ਹੈ ਤਾਂ ਸਿਰਫ਼ ਇਸ ਸੁਨੇਹੇ ਦਾ ਜਵਾਬ ਦਿਓ ਅਸੀਂ ਆਨਲਾਈਨ ਹਾਂ ਅਤੇ ਸਹਾਇਤਾ ਲਈ ਤਿਆਰ ਹਾਂ।"
"Monday, 1:27 PM","ਸੋਮਵਾਰ, 1:27 ਬਾਅਦ ਦੁਪਹਿਰ"
"Welcome to CoWin Helpdesk, if you need help simply reply to this message, we are online and ready to help."," CoWin ਹੈਲਪਡੈਸਕ ਵਿੱਚ ਤੁਹਾਡਾ ਸਵਾਗਤ ਹੈ, ਜੇਕਰ ਤੁਹਾਨੂੰ ਸਹਾਇਤਾ ਦੀ ਲੋੜ ਹੈ ਤਾਂ ਸਿਰਫ਼ ਇਸ ਸੁਨੇਹੇ ਦਾ ਜਵਾਬ ਦਿਓ ਅਸੀਂ ਆਨਲਾਈਨ ਹਾਂ ਅਤੇ ਸਹਾਇਤ ਲਈ ਤਿਆਰ ਹਾਂ।"
This chat session has ended,ਚੈਟ ਦਾ ਇਹ ਸੈਸ਼ਨ ਖ਼ਤਮ ਹੋ ਗਿਆ ਹੈ
Tot,ਕੁੱਲ
Tot Vaccination Doses,ਕੁੱਲ ਟੀਕੇ ਦੀਆਂ ਖ਼ੁਰਾਕਾਂ
Dose-1 Vaccinations,ਖ਼ੁਰਾਕ-1 ਟੀਕਾਕਰਨ
Dose-2 Vaccinations,ਖ਼ੁਰਾਕਾ-2 ਟੀਕਾਕਰਨ
Tot Vaccinated - Male,ਕੁੱਲ ਟੀਕਾਕਰਨ-ਪੁਰਸ਼
Tot Vaccinated - Female,ਕੁੱਲ ਟੀਕਾਕਰਨ-ਔਰਤਾਂ
Male,ਪੁਰਸ਼
Female,ਔਰਤਾਂ
Register using your Mobile no. or Aadhaar no. or any other Identity docs.,ਆਪਣੇ ਮੋਬਾਇਲ ਨੰਬਰ ਜਾਂ ਅਧਾਰ ਨੰਬਰ ਜਾਂ ਪਛਾਣ ਦੇ ਕਿਸੇ ਵੀ ਹੋਰ ਦਸਤਾਵੇਜ਼ ਦੀ ਵਰਤੋਂ ਕਰਕੇ ਪੰਜੀਕਰਣ ਕਰਾਓ।
Select your nearby Vaccine Center for vaccination,ਟੀਕਾ ਲਗਵਾਉਣ ਲਈ ਆਪਣੇ ਨੇੜਲੇ ਟੀਕਾਕਰਨ ਕੇਂਦਰ ਦੀ ਚੋਣ ਕਰੋ
Book your slot to Get Vaccine,ਟੀਕਾ ਲਗਵਾਉਣ ਲਈ ਆਪਣਾ ਸਲਾਟ ਬੁੱਕ ਕਰੋ
Please follow our Frequently asked questions (FAQ),ਕ੍ਰਿਪਾ ਸਾਡੇ ਅਕਸਰ ਪੁੱਛੇ ਜਾਣ ਵਾਲ਼ੇ ਸਵਾਲਾਂ (ਐੱਫਏਕਿਊ) ਨੂੰ ਦੇਖੋ
How it Works,ਇਹ ਕਿਵੇਂ ਕੰਮ ਕਰਦਾ ਹੈ
Our Partners,ਸਾਡੇ ਸਹਿਯੋਗੀ
Check your nearest vaccination center and slots availability,ਆਪਣੇ ਨੇੜਲੇ ਟੀਕਾਕਰਨ ਕੇਂਦਰ ਅਤੇ ਸਲਾਟ ਦੀ ਉਪਲਬਧਤਾ ਚੈੱਕ ਕਰੋ
Register Yourself,ਆਪਣਾ ਪੰਜੀਕਰਣ ਕਰਾਓ
Choose Vaccine Location,ਵੈਕਸੀਨ ਦਾ ਸਥਾਨ ਚੁਣੋ
Confirm your Slot,ਆਪਣੇ ਸਲਾਟ ਦੀ ਪੁਸ਼ਟੀ ਕਰੋ 
Any Question?,ਤੁਹਾਡਾ ਕੋਈ ਸਵਾਲ ਹੈ? 
This chat session has ended,ਚੈਟ ਦਾ ਇਹ ਸੈਸ਼ਨ ਖ਼ਤਮ ਹੋ ਗਿਆ ਹੈ
Ministry of Health and Family Welfare,ਸਿਹਤ ਅਤੇ ਪਰਿਵਾਰ ਕਲਿਆਣ ਮੰਤਰਾਲਾ
FAQ,ਐੱਫਏਕਿਊ
Dashboard,ਡੈਸ਼-ਬੋਰਡ
Open APIs,ਓਪਨ ਏਪੀਆਈ
Department Login,ਵਿਭਾਗ ਦੁਆਰਾ ਲਾਗ-ਇਨ
Vaccinator,ਟੀਕਾ-ਪ੍ਰਦਾਤਾ
Verify Certificate,ਪ੍ਰਮਾਣਪੱਤਰ ਪੁਸ਼ਟ ਕਰੋ
Register/ Sign In yourself,ਆਪਣਾ ਪੰਜੀਕਰਣ ਕਰਾਓ/ਸਾਈਨ ਇੰਨ ਕਰੋ
Register/ Sign In yourself,ਆਪਣਾ ਪੰਜੀਕਰਣ ਕਰਾਓ/ਸਾਈਨ ਇੰਨ ਕਰੋ
View full report Ã‚Â»,ਪੂਰੀ ਰਿਪੋਰਟ ਦੇਖੋ Ã‚Â»
Frequently asked questions (FAQ),ਅਕਸਰ ਪੁੱਛੇ ਜਾਂਦੇ ਸਵਾਲ (ਐੱਫਏਕਿਊ)
Know how to book your appointment,ਆਪਣੀ ਅਪਾਇੰਟਮੈਂਟ ਬੁੱਕ ਕਰਾਉਣ ਬਾਰੇ ਜਾਣੋ
Dos and Don'ts,ਕੀ ਕਰੀਏ ਅਤੇ ਕੀ ਨਾ ਕਰੀਏ
Send Transcriptions,ਪ੍ਰਤੀਲਿਪੀ ਭੇਜੋ 
End Chat,ਚੈਟ ਖ਼ਤਮ ਕਰੋ
FAQ,ਐੱਫਏਕਿਊ
Dashboard,ਡੈਸ਼-ਬੋਰਡ
Open APIs,ਓਪਨ ਏਪੀਆਈ
Department Login,ਵਿਭਾਗ ਦੁਆਰਾ ਲਾਗ-ਇਨ
Vaccinator,ਟੀਕਾ-ਪ੍ਰਦਾਤਾ
Verify Certificate,ਪ੍ਰਮਾਣਪੱਤਰ ਪੁਸ਼ਟ ਕਰੋ
Register/ Sign In yourself,ਆਪਣਾ ਪੰਜੀਕਰਣ ਕਰਾਓ/ਸਾਈਨ ਇੰਨ ਕਰੋ
FAQ Dashboard Open APIs  Department Login  Vaccinator  Verify Certificate,ਐੱਫਏਕਿਊ ਡੈਸ਼ਬੋਰਡ ਓਪਨ ਏਪੀਆਈ ਵਿਭਾਗ ਦੁਆਰਾ ਲਾਗ-ਇਨ ਟੀਕਾ-ਪ੍ਰਦਾਤਾ ਪ੍ਰਮਾਣਪੱਤਰ ਪੁਸ਼ਟ ਕਰੋ
Register/ Sign In yourself,ਆਪਣਾ ਪੰਜੀਕਰਣ ਕਰਾਓ/ਸਾਈਨ ਇੰਨ ਕਰੋ
Please follow our,ਕ੍ਰਿਪਾ ਸਾਡੀ ਪਾਲਣਾ ਕਰੋ
Frequently asked questions,ਅਕਸਰ ਪੁੱਛੇ ਜਾਂਦੇ ਸਵਾਲ
Enter your PIN,ਆਪਣਾ ਪਿੰਨ ਭਰੋ
You can contact on any of the following details,ਤੁਸੀਂ ਨਿਮਨ ਵਿੱਚੋਂ ਕਿਸੇ ਵੀ ਵੇਰਵੇ ਨਾਲ਼ ਸੰਪਰਕ ਕਰ ਸਕਦੇ ਹੋ
Helpline Number,ਹੈਲਪਲਾਈਨ ਨੰਬਰ
Technical Helpline Number,ਤਕਨੀਕੀ ਹੈਲਪਲਾਈਨ ਨੰਬਰ
Helpline Email Id,ਹੈਲਪ ਲਾਈਨ ਈਮੇਲ ਆਈਡੀ
"You may also contact the Vaccination Centre where you took vaccination, for advice.",ਸਲਾਹ ਲਈ ਤੁਸੀਂ ਉਸ ਟੀਕਾਕਰਨ ਕੇਂਦਰ ਨਾਲ਼ ਵੀ ਸੰਪਰਕ ਕਰ ਸਕਦੇ ਹੋ ਜਿੱਥੋਂ ਤੁਸਾਂ ਟੀਕਾ ਲਗਵਾਇਆ ਸੀ।
Toll free,ਟੌਲ ਫ੍ਰੀ
